Timestamp,TowerID,GridUptime,DieselConsumed_Liters,SolarGenerated_kWh,BatteryCharge_%,NetworkLoad_Users,Temperature_C
2026-05-01 00:00:00,Tower_Ibadan_01,1,0.24970030257021025,0.0,85.0,65.26829671532403,32.5
2026-05-01 01:00:00,Tower_Ibadan_01,0,10.50650933487784,0.0,85.0,108.40744837489628,32.5
2026-05-01 02:00:00,Tower_Ibadan_01,1,1.6780541253009265,0.0,85.0,63.51879649573804,32.5
2026-05-01 03:00:00,Tower_Ibadan_01,1,1.4292468247799754,0.0,85.0,145.84315983726003,32.5
2026-05-01 04:00:00,Tower_Ibadan_01,0,22.82517918006193,0.0,85.0,64.40166931619544,32.5
2026-05-01 05:00:00,Tower_Ibadan_01,0,16.32496075758827,0.0,85.0,64.92038164086264,32.5
2026-05-01 06:00:00,Tower_Ibadan_01,0,14.415156607408333,0.0,85.0,101.31249067161251,32.5
2026-05-01 07:00:00,Tower_Ibadan_01,1,1.9169978844846562,0.0,85.0,64.49530606123211,32.5
2026-05-01 08:00:00,Tower_Ibadan_01,1,0.44263999326548853,11.277396888919782,85.0,373.5316983839764,32.5
2026-05-01 09:00:00,Tower_Ibadan_01,0,19.71313376929849,6.8019357227012565,85.0,224.5343599041629,32.5
2026-05-01 10:00:00,Tower_Ibadan_01,0,12.867588160692598,13.09141063308476,85.0,279.0170130997094,32.5
2026-05-01 11:00:00,Tower_Ibadan_01,0,24.03551541823999,12.30373321964979,85.0,377.9688701312086,32.5
2026-05-01 12:00:00,Tower_Ibadan_01,0,24.35680559906355,5.50953696873678,85.0,446.1276938863041,32.5
2026-05-01 13:00:00,Tower_Ibadan_01,1,0.6180880381464571,6.114894664652266,85.0,400.99499282208626,32.5
2026-05-01 14:00:00,Tower_Ibadan_01,0,15.226558180797998,9.045110809810101,85.0,346.65487504720676,32.5
2026-05-01 15:00:00,Tower_Ibadan_01,1,1.2694694390088586,12.447958579025364,85.0,414.6519303912911,32.5
2026-05-01 16:00:00,Tower_Ibadan_01,1,0.62933262436929,13.342630145017399,85.0,410.45224080717475,32.5
2026-05-01 17:00:00,Tower_Ibadan_01,1,1.0782701655007738,0.0,85.0,243.55026322089589,32.5
2026-05-01 18:00:00,Tower_Ibadan_01,0,21.62830513452656,0.0,85.0,230.57636059634916,32.5
2026-05-01 19:00:00,Tower_Ibadan_01,1,0.42939633829221324,0.0,85.0,282.8432450641648,32.5
2026-05-01 20:00:00,Tower_Ibadan_01,0,17.97763794897243,0.0,85.0,487.9343657590394,32.5
2026-05-01 21:00:00,Tower_Ibadan_01,1,1.0175645198811198,0.0,85.0,51.04737769528137,32.5
2026-05-01 22:00:00,Tower_Ibadan_01,0,22.28465676668441,0.0,85.0,93.01375458779594,32.5
2026-05-01 23:00:00,Tower_Ibadan_01,0,13.504068113233995,0.0,85.0,131.5470562686482,32.5
2026-05-02 00:00:00,Tower_Ibadan_01,0,23.64958238523556,0.0,85.0,80.33586698177685,32.5
2026-05-02 01:00:00,Tower_Ibadan_01,0,22.550772507503225,0.0,85.0,55.002780559405394,32.5
2026-05-02 02:00:00,Tower_Ibadan_01,0,12.815127188640902,0.0,85.0,96.60063612045153,32.5
2026-05-02 03:00:00,Tower_Ibadan_01,0,14.817899012495173,0.0,85.0,73.89806696254665,32.5
2026-05-02 04:00:00,Tower_Ibadan_01,1,1.8971163854592226,0.0,85.0,135.5610376790443,32.5
2026-05-02 05:00:00,Tower_Ibadan_01,0,20.762868727811583,0.0,85.0,77.78704028785899,32.5
2026-05-02 06:00:00,Tower_Ibadan_01,0,17.231845507613656,0.0,85.0,55.0593354186841,32.5
2026-05-02 07:00:00,Tower_Ibadan_01,0,15.680530822045585,0.0,85.0,148.89538666956923,32.5
2026-05-02 08:00:00,Tower_Ibadan_01,1,1.6370002667557881,9.711217949805274,85.0,475.36782238752454,32.5
2026-05-02 09:00:00,Tower_Ibadan_01,0,16.746379134420657,5.050903771978205,85.0,397.9634523366028,32.5
2026-05-02 10:00:00,Tower_Ibadan_01,0,13.18541603111453,14.011278870661407,85.0,467.96778759482714,32.5
2026-05-02 11:00:00,Tower_Ibadan_01,0,21.81324743152993,11.87604562297588,85.0,445.2969998440608,32.5
2026-05-02 12:00:00,Tower_Ibadan_01,1,0.5743560556853946,9.774667831581956,85.0,360.7130910674131,32.5
2026-05-02 13:00:00,Tower_Ibadan_01,1,0.9631267376729646,5.859784502088146,85.0,489.05538849157347,32.5
2026-05-02 14:00:00,Tower_Ibadan_01,0,14.558586981009238,11.352633891542524,85.0,211.67810024143893,32.5
2026-05-02 15:00:00,Tower_Ibadan_01,0,18.533248757077246,9.568877878179018,85.0,249.09563652854735,32.5
2026-05-02 16:00:00,Tower_Ibadan_01,1,1.454847654410761,6.07665376288651,85.0,459.3910429942386,32.5
2026-05-02 17:00:00,Tower_Ibadan_01,1,0.4964889136132353,0.0,85.0,288.60800540287227,32.5
2026-05-02 18:00:00,Tower_Ibadan_01,0,14.352965788625323,0.0,85.0,348.1794276019371,32.5
2026-05-02 19:00:00,Tower_Ibadan_01,0,19.86485630562924,0.0,85.0,411.3986238502988,32.5
2026-05-02 20:00:00,Tower_Ibadan_01,1,0.4028836235700062,0.0,85.0,388.83953584613425,32.5
2026-05-02 21:00:00,Tower_Ibadan_01,0,22.847237143312874,0.0,85.0,146.5116472581842,32.5
2026-05-02 22:00:00,Tower_Ibadan_01,1,1.0295831754264,0.0,85.0,75.64223866357044,32.5
2026-05-02 23:00:00,Tower_Ibadan_01,0,22.510705363502307,0.0,85.0,102.3334068469203,32.5
2026-05-03 00:00:00,Tower_Ibadan_01,1,0.5909774987125522,0.0,85.0,87.09326365597127,32.5
2026-05-03 01:00:00,Tower_Ibadan_01,0,13.243722447271708,0.0,85.0,112.93780500867936,32.5
2026-05-03 02:00:00,Tower_Ibadan_01,1,0.3537299470971633,0.0,85.0,69.36325384313022,32.5
2026-05-03 03:00:00,Tower_Ibadan_01,1,1.8329601742817438,0.0,85.0,124.28575370586002,32.5
2026-05-03 04:00:00,Tower_Ibadan_01,1,1.1115248296883915,0.0,85.0,108.39250714822936,32.5
2026-05-03 05:00:00,Tower_Ibadan_01,1,0.4115401838143018,0.0,85.0,68.91185340159724,32.5
2026-05-03 06:00:00,Tower_Ibadan_01,0,10.075520091011114,0.0,85.0,146.07145374908322,32.5
2026-05-03 07:00:00,Tower_Ibadan_01,0,24.476915067854087,0.0,85.0,141.61450211413703,32.5
2026-05-03 08:00:00,Tower_Ibadan_01,0,15.51788835753742,10.398093477255381,85.0,486.09689280053647,32.5
2026-05-03 09:00:00,Tower_Ibadan_01,0,20.74155012205138,9.533085520280377,85.0,325.33462935759667,32.5
2026-05-03 10:00:00,Tower_Ibadan_01,0,24.713676148577505,12.120237019356527,85.0,208.85010161161898,32.5
2026-05-03 11:00:00,Tower_Ibadan_01,0,11.988363359785517,11.099665762076,85.0,401.90479849177876,32.5
2026-05-03 12:00:00,Tower_Ibadan_01,1,0.7097379937511312,14.65445263820524,85.0,322.5416184845084,32.5
2026-05-03 13:00:00,Tower_Ibadan_01,0,19.826751295737502,12.235264576967996,85.0,281.34356040110123,32.5
2026-05-03 14:00:00,Tower_Ibadan_01,1,0.9651498757573329,12.669543468098837,85.0,336.7141658734613,32.5
2026-05-03 15:00:00,Tower_Ibadan_01,0,12.934037527841816,12.120345379130415,85.0,217.282510389557,32.5
2026-05-03 16:00:00,Tower_Ibadan_01,0,13.434825040647917,9.674307619303649,85.0,232.47343890693992,32.5
2026-05-03 17:00:00,Tower_Ibadan_01,0,21.027960129368864,0.0,85.0,328.7396189841947,32.5
2026-05-03 18:00:00,Tower_Ibadan_01,0,13.092526177332466,0.0,85.0,480.3946704518426,32.5
2026-05-03 19:00:00,Tower_Ibadan_01,1,1.6759206412775818,0.0,85.0,464.37863182545817,32.5
2026-05-03 20:00:00,Tower_Ibadan_01,0,16.77356450478353,0.0,85.0,259.7228670384224,32.5
2026-05-03 21:00:00,Tower_Ibadan_01,0,22.642898913005354,0.0,85.0,102.28357212193643,32.5
2026-05-03 22:00:00,Tower_Ibadan_01,0,21.060003295263137,0.0,85.0,66.7007767538119,32.5
2026-05-03 23:00:00,Tower_Ibadan_01,0,22.595902646125587,0.0,85.0,80.73404668905671,32.5
2026-05-04 00:00:00,Tower_Ibadan_01,0,11.353710405697115,0.0,85.0,77.61163932450923,32.5
2026-05-04 01:00:00,Tower_Ibadan_01,0,20.555194997320996,0.0,85.0,118.8592240299973,32.5
2026-05-04 02:00:00,Tower_Ibadan_01,0,15.579185360500007,0.0,85.0,74.28541706955818,32.5
2026-05-04 03:00:00,Tower_Ibadan_01,0,11.68380659682257,0.0,85.0,60.234041671880966,32.5
2026-05-04 04:00:00,Tower_Ibadan_01,0,10.390658883982987,0.0,85.0,94.47171675280677,32.5
2026-05-04 05:00:00,Tower_Ibadan_01,0,21.265538317119947,0.0,85.0,139.40612349817394,32.5
2026-05-04 06:00:00,Tower_Ibadan_01,1,0.5877113673023839,0.0,85.0,53.25863380764787,32.5
2026-05-04 07:00:00,Tower_Ibadan_01,1,0.624282471689239,0.0,85.0,116.92460385080989,32.5
2026-05-04 08:00:00,Tower_Ibadan_01,0,21.074457222873612,12.744136806254708,85.0,248.73449200387608,32.5
2026-05-04 09:00:00,Tower_Ibadan_01,0,23.00327573642099,14.807014480413443,85.0,215.76855261080993,32.5
2026-05-04 10:00:00,Tower_Ibadan_01,0,17.130299752566632,7.987693200800865,85.0,365.5040375218804,32.5
2026-05-04 11:00:00,Tower_Ibadan_01,0,13.874632727578803,12.156957216577487,85.0,424.7127265331228,32.5
2026-05-04 12:00:00,Tower_Ibadan_01,0,16.389882365185446,14.621915040955397,85.0,351.9660605521841,32.5
2026-05-04 13:00:00,Tower_Ibadan_01,1,0.1143047188702877,5.2600802837527185,85.0,402.7448992582604,32.5
2026-05-04 14:00:00,Tower_Ibadan_01,0,22.753998342807655,5.23882884298329,85.0,426.116619963958,32.5
2026-05-04 15:00:00,Tower_Ibadan_01,0,20.71684820637588,13.315176907613225,85.0,337.9793613106938,32.5
2026-05-04 16:00:00,Tower_Ibadan_01,0,23.913114223793386,12.991920840359263,85.0,253.13546152223174,32.5
2026-05-04 17:00:00,Tower_Ibadan_01,1,1.8217059210075108,0.0,85.0,364.98373368370335,32.5
2026-05-04 18:00:00,Tower_Ibadan_01,0,20.40056675433156,0.0,85.0,210.39230670785895,32.5
2026-05-04 19:00:00,Tower_Ibadan_01,1,1.8625558590692395,0.0,85.0,332.47191124481003,32.5
2026-05-04 20:00:00,Tower_Ibadan_01,1,0.4637754618120722,0.0,85.0,259.8604047514018,32.5
2026-05-04 21:00:00,Tower_Ibadan_01,0,19.025626198915596,0.0,85.0,94.56942754643782,32.5
2026-05-04 22:00:00,Tower_Ibadan_01,1,1.698415499236938,0.0,85.0,92.61431467437595,32.5
2026-05-04 23:00:00,Tower_Ibadan_01,1,0.11155163281675784,0.0,85.0,138.05375044211823,32.5
2026-05-05 00:00:00,Tower_Ibadan_01,0,20.347282593900704,0.0,85.0,144.32494684043218,32.5
2026-05-05 01:00:00,Tower_Ibadan_01,1,0.8268642443102039,0.0,85.0,117.02530376398063,32.5
2026-05-05 02:00:00,Tower_Ibadan_01,1,1.3033964280041606,0.0,85.0,83.42977992791441,32.5
2026-05-05 03:00:00,Tower_Ibadan_01,1,1.8012486722763883,0.0,85.0,61.808328165624594,32.5
2026-05-05 04:00:00,Tower_Ibadan_01,1,0.2498172992426042,0.0,85.0,69.28159713561803,32.5
2026-05-05 05:00:00,Tower_Ibadan_01,0,13.738297464654394,0.0,85.0,147.9366139900355,32.5
2026-05-05 06:00:00,Tower_Ibadan_01,0,20.645048297250028,0.0,85.0,131.85217837481434,32.5
2026-05-05 07:00:00,Tower_Ibadan_01,0,17.79952779095593,0.0,85.0,100.51644495494952,32.5
2026-05-05 08:00:00,Tower_Ibadan_01,0,14.566152362542255,7.512807097885149,85.0,328.1730757725396,32.5
2026-05-05 09:00:00,Tower_Ibadan_01,1,0.4115947079181066,12.192805756549,85.0,304.692479360112,32.5
2026-05-05 10:00:00,Tower_Ibadan_01,1,0.7394835019406762,13.569576075601217,85.0,204.01231814901644,32.5
2026-05-05 11:00:00,Tower_Ibadan_01,0,20.833077857998852,10.940520580828466,85.0,498.4284630647391,32.5
2026-05-05 12:00:00,Tower_Ibadan_01,1,0.7142186905720733,8.057281971090205,85.0,465.6961961797719,32.5
2026-05-05 13:00:00,Tower_Ibadan_01,1,0.0413636709978249,13.159028706651068,85.0,219.26074087221485,32.5
2026-05-05 14:00:00,Tower_Ibadan_01,0,14.889332782669843,10.398736653135266,85.0,498.6912346816356,32.5
2026-05-05 15:00:00,Tower_Ibadan_01,0,23.215571310984075,6.213706901787679,85.0,281.0307773497334,32.5
2026-05-05 16:00:00,Tower_Ibadan_01,1,0.623061399191962,10.927104077056333,85.0,274.4972359676002,32.5
2026-05-05 17:00:00,Tower_Ibadan_01,1,0.5771771967256702,0.0,85.0,496.8922861474809,32.5
2026-05-05 18:00:00,Tower_Ibadan_01,1,1.5088028487101581,0.0,85.0,262.21182874789395,32.5
2026-05-05 19:00:00,Tower_Ibadan_01,0,11.17738095404809,0.0,85.0,387.25720009892933,32.5
2026-05-05 20:00:00,Tower_Ibadan_01,0,12.304738415366465,0.0,85.0,455.2580823632763,32.5
2026-05-05 21:00:00,Tower_Ibadan_01,0,11.68876769555946,0.0,85.0,129.38064483808392,32.5
2026-05-05 22:00:00,Tower_Ibadan_01,0,13.35627931471331,0.0,85.0,136.50536032244105,32.5
2026-05-05 23:00:00,Tower_Ibadan_01,1,0.3675194928744492,0.0,85.0,64.44147276791062,32.5
2026-05-06 00:00:00,Tower_Ibadan_01,0,16.33689362964206,0.0,85.0,106.89410898836732,32.5
2026-05-06 01:00:00,Tower_Ibadan_01,0,18.818413170497372,0.0,85.0,69.2521934061473,32.5
2026-05-06 02:00:00,Tower_Ibadan_01,0,18.65051939113434,0.0,85.0,122.57733108083879,32.5
2026-05-06 03:00:00,Tower_Ibadan_01,0,14.881716186886072,0.0,85.0,79.35948486836168,32.5
2026-05-06 04:00:00,Tower_Ibadan_01,1,1.6280041737665634,0.0,85.0,133.0778953141273,32.5
2026-05-06 05:00:00,Tower_Ibadan_01,0,17.015126337810933,0.0,85.0,59.86785210057075,32.5
2026-05-06 06:00:00,Tower_Ibadan_01,0,16.163797066615267,0.0,85.0,107.68348225411663,32.5
2026-05-06 07:00:00,Tower_Ibadan_01,0,24.684404216373544,0.0,85.0,103.32007585228023,32.5
2026-05-06 08:00:00,Tower_Ibadan_01,1,1.0962778307430914,7.599998520128678,85.0,234.79574846471422,32.5
2026-05-06 09:00:00,Tower_Ibadan_01,0,17.86910263107236,6.79598006230167,85.0,458.5100988286264,32.5
2026-05-06 10:00:00,Tower_Ibadan_01,0,24.648039104663095,14.40197677050352,85.0,496.1820802652346,32.5
2026-05-06 11:00:00,Tower_Ibadan_01,0,19.124719224896726,7.385038927032954,85.0,417.95765121464575,32.5
2026-05-06 12:00:00,Tower_Ibadan_01,1,0.6196619393441039,5.9715377038195,85.0,284.5245575143929,32.5
2026-05-06 13:00:00,Tower_Ibadan_01,1,1.0544830637092006,5.433282876677525,85.0,344.0033504607154,32.5
2026-05-06 14:00:00,Tower_Ibadan_01,0,12.94326261878921,11.933508504637231,85.0,495.84967750511424,32.5
2026-05-06 15:00:00,Tower_Ibadan_01,0,18.02695336111188,13.317283176945113,85.0,447.83513361566315,32.5
2026-05-06 16:00:00,Tower_Ibadan_01,0,23.426976234472633,10.313112295111322,85.0,306.0969769575426,32.5
2026-05-06 17:00:00,Tower_Ibadan_01,1,1.4964171991132729,0.0,85.0,220.34151607437983,32.5
2026-05-06 18:00:00,Tower_Ibadan_01,1,0.4103964978079899,0.0,85.0,341.210460629306,32.5
2026-05-06 19:00:00,Tower_Ibadan_01,0,20.107193513638563,0.0,85.0,451.70879657369187,32.5
2026-05-06 20:00:00,Tower_Ibadan_01,1,1.597831717533045,0.0,85.0,301.07613630873766,32.5
2026-05-06 21:00:00,Tower_Ibadan_01,1,1.8343743830228256,0.0,85.0,128.14605087424607,32.5
2026-05-06 22:00:00,Tower_Ibadan_01,0,21.680071291650435,0.0,85.0,78.4435929625709,32.5
2026-05-06 23:00:00,Tower_Ibadan_01,1,0.7163875417376102,0.0,85.0,51.34421997974703,32.5
2026-05-07 00:00:00,Tower_Ibadan_01,1,0.37421353050750517,0.0,85.0,107.66385100341398,32.5
2026-05-07 01:00:00,Tower_Ibadan_01,0,12.557556879539778,0.0,85.0,123.8191935461996,32.5
2026-05-07 02:00:00,Tower_Ibadan_01,1,0.21002679391451884,0.0,85.0,109.54192137455199,32.5
2026-05-07 03:00:00,Tower_Ibadan_01,1,0.2428499152673782,0.0,85.0,132.00906210628386,32.5
2026-05-07 04:00:00,Tower_Ibadan_01,1,1.0643706718208885,0.0,85.0,88.67363610332315,32.5
2026-05-07 05:00:00,Tower_Ibadan_01,1,0.4254763920263551,0.0,85.0,95.3478533460545,32.5
2026-05-07 06:00:00,Tower_Ibadan_01,1,0.48198315207008924,0.0,85.0,66.55701543924778,32.5
2026-05-07 07:00:00,Tower_Ibadan_01,0,16.177955765637073,0.0,85.0,50.53583306213112,32.5
2026-05-07 08:00:00,Tower_Ibadan_01,1,0.19130310571505005,13.842255171667082,85.0,389.70100108980915,32.5
2026-05-07 09:00:00,Tower_Ibadan_01,0,20.137440581975255,9.725413999966971,85.0,276.03319420449924,32.5
2026-05-07 10:00:00,Tower_Ibadan_01,1,0.5354669892966131,11.778296022197214,85.0,231.56736308834323,32.5
2026-05-07 11:00:00,Tower_Ibadan_01,1,0.41276162457531584,7.599035412701662,85.0,307.6931037240299,32.5
2026-05-07 12:00:00,Tower_Ibadan_01,1,0.11395063946818773,9.242201114583695,85.0,430.29371983379633,32.5
2026-05-07 13:00:00,Tower_Ibadan_01,1,1.6520503361224137,10.41352545317165,85.0,280.35401072320667,32.5
2026-05-07 14:00:00,Tower_Ibadan_01,1,0.4732682945931823,9.61805117938955,85.0,311.9647050183354,32.5
2026-05-07 15:00:00,Tower_Ibadan_01,1,0.9040041458552543,5.667374969066858,85.0,371.5308074577681,32.5
2026-05-07 16:00:00,Tower_Ibadan_01,0,24.943042934125433,8.700871936759079,85.0,374.59536823191957,32.5
2026-05-07 17:00:00,Tower_Ibadan_01,1,1.5377663299482522,0.0,85.0,477.18008968644887,32.5
2026-05-07 18:00:00,Tower_Ibadan_01,0,22.661683764247265,0.0,85.0,380.4919393141241,32.5
2026-05-07 19:00:00,Tower_Ibadan_01,0,20.83273104952447,0.0,85.0,408.23153885028887,32.5
2026-05-07 20:00:00,Tower_Ibadan_01,1,0.930635098555588,0.0,85.0,201.52953751209856,32.5
2026-05-07 21:00:00,Tower_Ibadan_01,0,14.321054274864162,0.0,85.0,60.36814450694651,32.5
2026-05-07 22:00:00,Tower_Ibadan_01,1,1.6386250777157398,0.0,85.0,69.5556282918411,32.5
2026-05-07 23:00:00,Tower_Ibadan_01,1,1.3779543775746215,0.0,85.0,57.27786748461695,32.5
2026-05-08 00:00:00,Tower_Ibadan_01,1,0.6403017102505297,0.0,85.0,59.02166239272124,32.5
2026-05-08 01:00:00,Tower_Ibadan_01,0,17.141087772570586,0.0,85.0,51.871508842695356,32.5
2026-05-08 02:00:00,Tower_Ibadan_01,0,14.994245972832719,0.0,85.0,107.78912750966401,32.5
2026-05-08 03:00:00,Tower_Ibadan_01,0,13.39692352547145,0.0,85.0,111.88067116537673,32.5
2026-05-08 04:00:00,Tower_Ibadan_01,0,22.11629550316708,0.0,85.0,123.26679666681757,32.5
2026-05-08 05:00:00,Tower_Ibadan_01,0,13.930910284294804,0.0,85.0,114.28871140786231,32.5
2026-05-08 06:00:00,Tower_Ibadan_01,0,24.43691783287239,0.0,85.0,123.0288713366539,32.5
2026-05-08 07:00:00,Tower_Ibadan_01,1,0.7923500096266951,0.0,85.0,66.96546748993978,32.5
2026-05-08 08:00:00,Tower_Ibadan_01,0,21.372624236195282,14.835547949687397,85.0,350.97257630207355,32.5
2026-05-08 09:00:00,Tower_Ibadan_01,0,10.370079492225335,12.778006741808115,85.0,346.0726759640133,32.5
2026-05-08 10:00:00,Tower_Ibadan_01,0,18.507824821838618,8.346235279136629,85.0,254.40450487305426,32.5
2026-05-08 11:00:00,Tower_Ibadan_01,0,18.723065786781568,5.423740674031473,85.0,240.40815920903006,32.5
2026-05-08 12:00:00,Tower_Ibadan_01,1,0.7609282122845471,13.0446218996795,85.0,403.5143560881687,32.5
2026-05-08 13:00:00,Tower_Ibadan_01,0,23.506424548802862,6.5010994499103605,85.0,383.8322451246903,32.5
2026-05-08 14:00:00,Tower_Ibadan_01,1,0.6675397088792308,8.799569704830033,85.0,496.3925551100692,32.5
2026-05-08 15:00:00,Tower_Ibadan_01,0,16.89033052691867,10.098890189240098,85.0,359.81143041148243,32.5
2026-05-08 16:00:00,Tower_Ibadan_01,0,21.963509143169404,12.85376605527631,85.0,232.19125682922132,32.5
2026-05-08 17:00:00,Tower_Ibadan_01,0,12.632602581141208,0.0,85.0,336.62736433756044,32.5
2026-05-08 18:00:00,Tower_Ibadan_01,1,1.0977321375326485,0.0,85.0,426.10559463507684,32.5
2026-05-08 19:00:00,Tower_Ibadan_01,0,22.392200780924192,0.0,85.0,321.34506884843347,32.5
2026-05-08 20:00:00,Tower_Ibadan_01,0,19.681958449263806,0.0,85.0,329.43782720772043,32.5
2026-05-08 21:00:00,Tower_Ibadan_01,1,0.8172007323529817,0.0,85.0,94.90030466282423,32.5
2026-05-08 22:00:00,Tower_Ibadan_01,1,1.081779156775597,0.0,85.0,71.1315834853095,32.5
2026-05-08 23:00:00,Tower_Ibadan_01,1,0.884688333341042,0.0,85.0,67.94096292684388,32.5
2026-05-09 00:00:00,Tower_Ibadan_01,0,10.450673458490387,0.0,85.0,67.88700347329947,32.5
2026-05-09 01:00:00,Tower_Ibadan_01,0,12.892112148721166,0.0,85.0,64.38310698393538,32.5
2026-05-09 02:00:00,Tower_Ibadan_01,1,0.07395246822387858,0.0,85.0,89.22961203855228,32.5
2026-05-09 03:00:00,Tower_Ibadan_01,0,11.767726554215605,0.0,85.0,93.07986268606706,32.5
2026-05-09 04:00:00,Tower_Ibadan_01,1,1.3804160694697625,0.0,85.0,58.70301749436897,32.5
2026-05-09 05:00:00,Tower_Ibadan_01,1,1.564890147652703,0.0,85.0,95.29697685075655,32.5
2026-05-09 06:00:00,Tower_Ibadan_01,0,18.124874546357667,0.0,85.0,107.638678640004,32.5
2026-05-09 07:00:00,Tower_Ibadan_01,0,19.59009938430397,0.0,85.0,122.73886042159573,32.5
2026-05-09 08:00:00,Tower_Ibadan_01,1,1.5548175092831669,12.743748097344982,85.0,304.2006196058387,32.5
2026-05-09 09:00:00,Tower_Ibadan_01,0,12.249435921120236,6.313150029825206,85.0,325.9291648600978,32.5
2026-05-09 10:00:00,Tower_Ibadan_01,1,0.577644933316301,5.529922739577483,85.0,231.4419119360394,32.5
2026-05-09 11:00:00,Tower_Ibadan_01,1,0.41727053356065014,6.589993780350367,85.0,440.77808812824435,32.5
2026-05-09 12:00:00,Tower_Ibadan_01,0,13.243930829939279,14.165941187749734,85.0,239.36950284722133,32.5
2026-05-09 13:00:00,Tower_Ibadan_01,1,1.1211352473730298,14.72965307496014,85.0,383.7427540240666,32.5
2026-05-09 14:00:00,Tower_Ibadan_01,1,0.4943164607311932,5.52153352511208,85.0,273.62735159735445,32.5
2026-05-09 15:00:00,Tower_Ibadan_01,0,19.6537876302305,6.406339389285183,85.0,403.6906145627816,32.5
2026-05-09 16:00:00,Tower_Ibadan_01,0,15.689430876360998,5.9064118219087725,85.0,486.09256813951197,32.5
2026-05-09 17:00:00,Tower_Ibadan_01,0,24.840915067043177,0.0,85.0,271.2023234025682,32.5
2026-05-09 18:00:00,Tower_Ibadan_01,0,14.044548222890278,0.0,85.0,251.56710280837922,32.5
2026-05-09 19:00:00,Tower_Ibadan_01,0,17.487505969065243,0.0,85.0,209.97287223513,32.5
2026-05-09 20:00:00,Tower_Ibadan_01,1,1.7755122485294654,0.0,85.0,446.106075515234,32.5
2026-05-09 21:00:00,Tower_Ibadan_01,0,17.888957593595947,0.0,85.0,147.1614424555434,32.5
2026-05-09 22:00:00,Tower_Ibadan_01,1,1.5161230971976076,0.0,85.0,127.24003129976109,32.5
2026-05-09 23:00:00,Tower_Ibadan_01,0,12.8101791094469,0.0,85.0,62.42453504060545,32.5
2026-05-10 00:00:00,Tower_Ibadan_01,0,16.805354924730526,0.0,85.0,107.39347994234475,32.5
2026-05-10 01:00:00,Tower_Ibadan_01,0,15.481885382605068,0.0,85.0,64.55801799668016,32.5
2026-05-10 02:00:00,Tower_Ibadan_01,1,0.6172480163119667,0.0,85.0,61.27513418833388,32.5
2026-05-10 03:00:00,Tower_Ibadan_01,1,1.2078329376808787,0.0,85.0,139.00882497207596,32.5
2026-05-10 04:00:00,Tower_Ibadan_01,1,1.3956040548135287,0.0,85.0,100.01776150500413,32.5
2026-05-10 05:00:00,Tower_Ibadan_01,0,13.481981529241773,0.0,85.0,98.3585115372654,32.5
2026-05-10 06:00:00,Tower_Ibadan_01,0,24.861693670478388,0.0,85.0,143.8846634661441,32.5
2026-05-10 07:00:00,Tower_Ibadan_01,0,16.825919416654735,0.0,85.0,148.81773808914164,32.5
2026-05-10 08:00:00,Tower_Ibadan_01,1,1.066600781424555,5.151845890595189,85.0,469.4570063511353,32.5
2026-05-10 09:00:00,Tower_Ibadan_01,0,12.584094717826009,5.788717121103116,85.0,464.3547816570869,32.5
2026-05-10 10:00:00,Tower_Ibadan_01,0,23.572302604923184,14.917188972858835,85.0,335.50414141956475,32.5
2026-05-10 11:00:00,Tower_Ibadan_01,1,0.2412080011509572,5.550888048204268,85.0,223.00025326199767,32.5
2026-05-10 12:00:00,Tower_Ibadan_01,0,20.243992353264687,5.350635075693585,85.0,252.9929115280774,32.5
2026-05-10 13:00:00,Tower_Ibadan_01,1,1.241500051449027,13.29281274209751,85.0,225.5514168493832,32.5
2026-05-10 14:00:00,Tower_Ibadan_01,1,0.9808740871231414,12.009269033667183,85.0,423.1522327071909,32.5
2026-05-10 15:00:00,Tower_Ibadan_01,1,0.09771976028928342,6.614707051096268,85.0,228.8250441594037,32.5
2026-05-10 16:00:00,Tower_Ibadan_01,1,0.41220649754135774,11.002226793098714,85.0,487.46226117776166,32.5
2026-05-10 17:00:00,Tower_Ibadan_01,0,15.259748212104673,0.0,85.0,257.3326524893513,32.5
2026-05-10 18:00:00,Tower_Ibadan_01,1,1.6424629272960833,0.0,85.0,467.4076210051595,32.5
2026-05-10 19:00:00,Tower_Ibadan_01,0,24.345359336626665,0.0,85.0,374.49981841458816,32.5
2026-05-10 20:00:00,Tower_Ibadan_01,1,0.22977921673341384,0.0,85.0,363.00993845244466,32.5
2026-05-10 21:00:00,Tower_Ibadan_01,0,20.761229948261246,0.0,85.0,103.2528525514652,32.5
2026-05-10 22:00:00,Tower_Ibadan_01,0,19.40057736936214,0.0,85.0,149.0122703661499,32.5
2026-05-10 23:00:00,Tower_Ibadan_01,1,0.6905540565578228,0.0,85.0,108.69569135952476,32.5
2026-05-11 00:00:00,Tower_Ibadan_01,0,22.12592489705224,0.0,85.0,124.0615573995513,32.5
2026-05-11 01:00:00,Tower_Ibadan_01,0,18.294894063137864,0.0,85.0,93.42877662776061,32.5
2026-05-11 02:00:00,Tower_Ibadan_01,1,0.7068276006466769,0.0,85.0,57.823580694561706,32.5
2026-05-11 03:00:00,Tower_Ibadan_01,0,14.708793023608756,0.0,85.0,144.2474145629754,32.5
2026-05-11 04:00:00,Tower_Ibadan_01,0,17.60371581078595,0.0,85.0,71.54598828900058,32.5
2026-05-11 05:00:00,Tower_Ibadan_01,0,17.03006389808089,0.0,85.0,69.02111179510516,32.5
2026-05-11 06:00:00,Tower_Ibadan_01,1,1.462001931785045,0.0,85.0,67.14925617034554,32.5
2026-05-11 07:00:00,Tower_Ibadan_01,0,12.55750435634166,0.0,85.0,124.39475523926478,32.5
2026-05-11 08:00:00,Tower_Ibadan_01,1,1.3389352559498684,11.430633301550529,85.0,401.6879958230075,32.5
2026-05-11 09:00:00,Tower_Ibadan_01,1,0.40226909818765044,9.1636753840661,85.0,291.7081525865426,32.5
2026-05-11 10:00:00,Tower_Ibadan_01,0,24.16599783572954,8.39521674976988,85.0,400.7948823200255,32.5
2026-05-11 11:00:00,Tower_Ibadan_01,1,1.9241399196940616,13.668593506717293,85.0,295.15014836815874,32.5
2026-05-11 12:00:00,Tower_Ibadan_01,0,10.92292653379678,9.962838155938211,85.0,202.42526529822567,32.5
2026-05-11 13:00:00,Tower_Ibadan_01,1,1.6729743799825931,11.591529509302736,85.0,260.08418118117766,32.5
2026-05-11 14:00:00,Tower_Ibadan_01,1,1.685143302740213,12.626345994743449,85.0,353.04290429378204,32.5
2026-05-11 15:00:00,Tower_Ibadan_01,1,0.23554707339221181,5.361901801638895,85.0,324.3624426247125,32.5
2026-05-11 16:00:00,Tower_Ibadan_01,1,1.0050952277769758,13.781899573644525,85.0,470.1536208959192,32.5
2026-05-11 17:00:00,Tower_Ibadan_01,0,19.724124091105885,0.0,85.0,369.7257586631498,32.5
2026-05-11 18:00:00,Tower_Ibadan_01,1,1.8410774183727434,0.0,85.0,384.7197981388763,32.5
2026-05-11 19:00:00,Tower_Ibadan_01,1,1.423840586592498,0.0,85.0,367.7891055180017,32.5
2026-05-11 20:00:00,Tower_Ibadan_01,1,1.0531676814135833,0.0,85.0,351.5681249934179,32.5
2026-05-11 21:00:00,Tower_Ibadan_01,0,19.467336393860556,0.0,85.0,80.7932722510341,32.5
2026-05-11 22:00:00,Tower_Ibadan_01,0,11.597381025294663,0.0,85.0,86.67542083280998,32.5
2026-05-11 23:00:00,Tower_Ibadan_01,0,12.821629146910187,0.0,85.0,79.64952743031961,32.5
2026-05-12 00:00:00,Tower_Ibadan_01,0,23.32414929223495,0.0,85.0,144.4420434179275,32.5
2026-05-12 01:00:00,Tower_Ibadan_01,0,10.082147630142568,0.0,85.0,84.80333712099335,32.5
2026-05-12 02:00:00,Tower_Ibadan_01,1,1.6865588473034456,0.0,85.0,111.81369244746648,32.5
2026-05-12 03:00:00,Tower_Ibadan_01,0,17.59265186831545,0.0,85.0,106.70890582368892,32.5
2026-05-12 04:00:00,Tower_Ibadan_01,0,23.650383894622536,0.0,85.0,121.91765098666313,32.5
2026-05-12 05:00:00,Tower_Ibadan_01,1,1.2216136546905294,0.0,85.0,120.8589413277754,32.5
2026-05-12 06:00:00,Tower_Ibadan_01,0,13.379824276899459,0.0,85.0,64.05854116947124,32.5
2026-05-12 07:00:00,Tower_Ibadan_01,0,21.13841972334116,0.0,85.0,138.3334086299118,32.5
2026-05-12 08:00:00,Tower_Ibadan_01,0,11.131205187577034,13.378542323322574,85.0,469.4616323947721,32.5
2026-05-12 09:00:00,Tower_Ibadan_01,0,21.799486172373705,10.863880528323165,85.0,308.47943841710486,32.5
2026-05-12 10:00:00,Tower_Ibadan_01,0,14.374127847529468,9.063234428867624,85.0,215.740094019689,32.5
2026-05-12 11:00:00,Tower_Ibadan_01,1,0.7156502549951205,11.148267670598653,85.0,461.5895187291652,32.5
2026-05-12 12:00:00,Tower_Ibadan_01,1,1.3020535919543388,10.690915574896158,85.0,466.83413194592663,32.5
2026-05-12 13:00:00,Tower_Ibadan_01,1,0.11632081577157427,8.317428945391889,85.0,413.7416401834501,32.5
2026-05-12 14:00:00,Tower_Ibadan_01,1,0.8280839996970311,6.07887592699476,85.0,309.97142381487646,32.5
2026-05-12 15:00:00,Tower_Ibadan_01,0,19.83698956717156,9.795675667533688,85.0,442.1398275047569,32.5
2026-05-12 16:00:00,Tower_Ibadan_01,1,0.7398215654299927,8.565210716108318,85.0,475.2956725613662,32.5
2026-05-12 17:00:00,Tower_Ibadan_01,0,14.60905646125016,0.0,85.0,216.11035548977614,32.5
2026-05-12 18:00:00,Tower_Ibadan_01,0,13.394156611400984,0.0,85.0,414.888349985981,32.5
2026-05-12 19:00:00,Tower_Ibadan_01,0,16.293193524711803,0.0,85.0,406.6470615798311,32.5
2026-05-12 20:00:00,Tower_Ibadan_01,0,18.481428694543776,0.0,85.0,326.6193904730227,32.5
2026-05-12 21:00:00,Tower_Ibadan_01,0,15.769140289797013,0.0,85.0,90.43094908043349,32.5
2026-05-12 22:00:00,Tower_Ibadan_01,1,1.2448489836327135,0.0,85.0,83.0948432970822,32.5
2026-05-12 23:00:00,Tower_Ibadan_01,1,1.233968998598124,0.0,85.0,54.48708435839074,32.5
2026-05-13 00:00:00,Tower_Ibadan_01,0,17.95929676234349,0.0,85.0,103.78544191440139,32.5
2026-05-13 01:00:00,Tower_Ibadan_01,0,13.46563703011764,0.0,85.0,101.8593317883747,32.5
2026-05-13 02:00:00,Tower_Ibadan_01,1,0.7593804739806087,0.0,85.0,149.34505227439945,32.5
2026-05-13 03:00:00,Tower_Ibadan_01,1,0.613483582676773,0.0,85.0,83.36239514991385,32.5
2026-05-13 04:00:00,Tower_Ibadan_01,1,1.6810061681370112,0.0,85.0,64.99954566019524,32.5
2026-05-13 05:00:00,Tower_Ibadan_01,0,23.4048895432075,0.0,85.0,65.13934854410215,32.5
2026-05-13 06:00:00,Tower_Ibadan_01,1,0.5416726883752914,0.0,85.0,115.74738666386195,32.5
2026-05-13 07:00:00,Tower_Ibadan_01,0,12.74927253117108,0.0,85.0,130.12543995160877,32.5
2026-05-13 08:00:00,Tower_Ibadan_01,0,20.040570449049476,13.977710123124968,85.0,336.4127704727928,32.5
2026-05-13 09:00:00,Tower_Ibadan_01,1,1.9976698861537117,6.787052416855105,85.0,297.99083512992746,32.5
2026-05-13 10:00:00,Tower_Ibadan_01,1,0.781407028914832,6.391237509269345,85.0,225.1527151163132,32.5
2026-05-13 11:00:00,Tower_Ibadan_01,0,11.248690567788579,7.390873783675939,85.0,429.4879908592893,32.5
2026-05-13 12:00:00,Tower_Ibadan_01,0,21.676872145230874,9.16151893895832,85.0,281.79896639918934,32.5
2026-05-13 13:00:00,Tower_Ibadan_01,0,19.437968555776003,13.708781360954369,85.0,440.19076166749124,32.5
2026-05-13 14:00:00,Tower_Ibadan_01,1,0.14089133921765407,10.873550839069207,85.0,225.9488526434698,32.5
2026-05-13 15:00:00,Tower_Ibadan_01,0,10.731297110027494,5.735113561009291,85.0,429.06496031231814,32.5
2026-05-13 16:00:00,Tower_Ibadan_01,0,11.049775554323723,11.474616899858407,85.0,280.80069163343285,32.5
2026-05-13 17:00:00,Tower_Ibadan_01,0,23.168998175912733,0.0,85.0,221.15718818805175,32.5
2026-05-13 18:00:00,Tower_Ibadan_01,1,0.36787777522436627,0.0,85.0,218.98567799144382,32.5
2026-05-13 19:00:00,Tower_Ibadan_01,0,10.683629260740695,0.0,85.0,234.70151529542198,32.5
2026-05-13 20:00:00,Tower_Ibadan_01,0,10.54534208748175,0.0,85.0,455.2877515452979,32.5
2026-05-13 21:00:00,Tower_Ibadan_01,1,1.7483624514333487,0.0,85.0,74.38389007399262,32.5
2026-05-13 22:00:00,Tower_Ibadan_01,0,15.940514402318668,0.0,85.0,130.26427823800003,32.5
2026-05-13 23:00:00,Tower_Ibadan_01,1,1.6837116526797682,0.0,85.0,112.59413503971541,32.5
2026-05-14 00:00:00,Tower_Ibadan_01,1,1.2307954815310456,0.0,85.0,140.06940703326745,32.5
2026-05-14 01:00:00,Tower_Ibadan_01,0,13.165536782605866,0.0,85.0,92.26919885512083,32.5
2026-05-14 02:00:00,Tower_Ibadan_01,0,12.975875894931288,0.0,85.0,50.80900206895673,32.5
2026-05-14 03:00:00,Tower_Ibadan_01,0,14.78512885755617,0.0,85.0,53.14258298337814,32.5
2026-05-14 04:00:00,Tower_Ibadan_01,0,13.996352183814139,0.0,85.0,149.26850378616012,32.5
2026-05-14 05:00:00,Tower_Ibadan_01,0,14.459545974963815,0.0,85.0,108.39000310653363,32.5
2026-05-14 06:00:00,Tower_Ibadan_01,0,13.009427053849596,0.0,85.0,126.00708687076703,32.5
2026-05-14 07:00:00,Tower_Ibadan_01,0,10.442792288369507,0.0,85.0,88.80472560737213,32.5
2026-05-14 08:00:00,Tower_Ibadan_01,0,14.720693679274824,13.134924898927643,85.0,428.1180104432168,32.5
2026-05-14 09:00:00,Tower_Ibadan_01,0,11.100973560884997,7.9680312487920695,85.0,385.5952367354839,32.5
2026-05-14 10:00:00,Tower_Ibadan_01,0,23.30021065914977,13.92406765824438,85.0,282.6403666436768,32.5
2026-05-14 11:00:00,Tower_Ibadan_01,1,1.110181223736666,10.830768573134073,85.0,234.62098333873178,32.5
2026-05-14 12:00:00,Tower_Ibadan_01,1,1.4482861029467158,7.127566281095337,85.0,434.1294109534293,32.5
2026-05-14 13:00:00,Tower_Ibadan_01,0,15.02697223125952,14.791433807663433,85.0,463.4688727982874,32.5
2026-05-14 14:00:00,Tower_Ibadan_01,0,24.59206166208628,12.158818935891741,85.0,366.206451839519,32.5
2026-05-14 15:00:00,Tower_Ibadan_01,1,0.9565637090023815,13.790221713619122,85.0,268.4140567990002,32.5
2026-05-14 16:00:00,Tower_Ibadan_01,1,1.868565381907191,13.030507416245365,85.0,308.49476425403043,32.5
2026-05-14 17:00:00,Tower_Ibadan_01,0,12.046794555801437,0.0,85.0,269.5440079326803,32.5
2026-05-14 18:00:00,Tower_Ibadan_01,0,13.550537821972002,0.0,85.0,346.0274375434053,32.5
2026-05-14 19:00:00,Tower_Ibadan_01,0,17.494950779576012,0.0,85.0,315.01807952170304,32.5
2026-05-14 20:00:00,Tower_Ibadan_01,0,24.21851624591163,0.0,85.0,394.3017087392178,32.5
2026-05-14 21:00:00,Tower_Ibadan_01,1,1.2202056111742499,0.0,85.0,64.18927987277159,32.5
2026-05-14 22:00:00,Tower_Ibadan_01,1,1.8981418995998556,0.0,85.0,87.99068017288636,32.5
2026-05-14 23:00:00,Tower_Ibadan_01,0,16.295029231478974,0.0,85.0,113.69667713532911,32.5
2026-05-15 00:00:00,Tower_Ibadan_01,1,0.6600125027794694,0.0,85.0,143.61440963494883,32.5
2026-05-15 01:00:00,Tower_Ibadan_01,0,21.708770280641687,0.0,85.0,128.88188697538794,32.5
2026-05-15 02:00:00,Tower_Ibadan_01,0,14.88278783106431,0.0,85.0,81.1904887383073,32.5
2026-05-15 03:00:00,Tower_Ibadan_01,1,0.29043763073580253,0.0,85.0,89.052119852311,32.5
2026-05-15 04:00:00,Tower_Ibadan_01,0,16.626926168446545,0.0,85.0,134.2285049987617,32.5
2026-05-15 05:00:00,Tower_Ibadan_01,0,15.414901737268288,0.0,85.0,87.2275434723089,32.5
2026-05-15 06:00:00,Tower_Ibadan_01,0,22.660323137015297,0.0,85.0,57.20979004632566,32.5
2026-05-15 07:00:00,Tower_Ibadan_01,1,0.380407123674531,0.0,85.0,77.16780295853107,32.5
2026-05-15 08:00:00,Tower_Ibadan_01,0,17.27618134188922,10.433272445322917,85.0,401.25977505302706,32.5
2026-05-15 09:00:00,Tower_Ibadan_01,0,20.824183304540362,10.354221193701923,85.0,408.3971265346996,32.5
2026-05-15 10:00:00,Tower_Ibadan_01,0,11.180067152188471,5.880951329182599,85.0,301.9165698196801,32.5
2026-05-15 11:00:00,Tower_Ibadan_01,0,22.793051762752295,14.713325375484242,85.0,357.010560147615,32.5
2026-05-15 12:00:00,Tower_Ibadan_01,1,0.0811557791031885,14.452539836041034,85.0,466.05542711331077,32.5
2026-05-15 13:00:00,Tower_Ibadan_01,1,0.8641278589207035,12.603516754317624,85.0,455.3103685280884,32.5
2026-05-15 14:00:00,Tower_Ibadan_01,0,17.10132415269304,12.349292865838098,85.0,386.4139023816123,32.5
2026-05-15 15:00:00,Tower_Ibadan_01,1,1.420207831653637,9.2030860383819,85.0,346.23644265033954,32.5
2026-05-15 16:00:00,Tower_Ibadan_01,1,0.6592625228131159,12.724706268101327,85.0,439.50865412556465,32.5
2026-05-15 17:00:00,Tower_Ibadan_01,1,1.557576186948216,0.0,85.0,201.56275236639993,32.5
2026-05-15 18:00:00,Tower_Ibadan_01,0,22.386404201141858,0.0,85.0,417.34914804855515,32.5
2026-05-15 19:00:00,Tower_Ibadan_01,0,22.25552780814397,0.0,85.0,386.4422551709231,32.5
2026-05-15 20:00:00,Tower_Ibadan_01,1,1.913327573902066,0.0,85.0,259.45956197664657,32.5
2026-05-15 21:00:00,Tower_Ibadan_01,1,1.4192833316094808,0.0,85.0,90.68323458513237,32.5
2026-05-15 22:00:00,Tower_Ibadan_01,1,0.7266452977297275,0.0,85.0,139.8630684417017,32.5
2026-05-15 23:00:00,Tower_Ibadan_01,1,1.0425942942944826,0.0,85.0,149.87266672080955,32.5
2026-05-16 00:00:00,Tower_Ibadan_01,1,0.45507395378809923,0.0,85.0,111.94006057638305,32.5
2026-05-16 01:00:00,Tower_Ibadan_01,0,15.305181564517891,0.0,85.0,136.3968288402691,32.5
2026-05-16 02:00:00,Tower_Ibadan_01,1,1.9897748756913023,0.0,85.0,64.879319876578,32.5
2026-05-16 03:00:00,Tower_Ibadan_01,0,14.007420370645361,0.0,85.0,124.80375235598974,32.5
2026-05-16 04:00:00,Tower_Ibadan_01,1,1.5930602037684687,0.0,85.0,122.37472656160816,32.5
2026-05-16 05:00:00,Tower_Ibadan_01,0,11.262592080693205,0.0,85.0,52.99479415660343,32.5
2026-05-16 06:00:00,Tower_Ibadan_01,0,12.757255688686113,0.0,85.0,67.93327096253047,32.5
2026-05-16 07:00:00,Tower_Ibadan_01,1,0.04414822702207766,0.0,85.0,133.81041682368368,32.5
2026-05-16 08:00:00,Tower_Ibadan_01,1,1.1444529618067654,5.250363350428977,85.0,285.4986397517324,32.5
2026-05-16 09:00:00,Tower_Ibadan_01,0,22.284280721381293,11.474921218972426,85.0,289.37387174734283,32.5
2026-05-16 10:00:00,Tower_Ibadan_01,0,23.813511150070205,7.925913313576723,85.0,449.1880502414849,32.5
2026-05-16 11:00:00,Tower_Ibadan_01,0,20.898175915717406,13.119699465675597,85.0,417.2096231994784,32.5
2026-05-16 12:00:00,Tower_Ibadan_01,0,23.201211512907413,12.143432981209482,85.0,337.4513166987177,32.5
2026-05-16 13:00:00,Tower_Ibadan_01,0,13.234171284171499,13.864820862204448,85.0,287.7526922457736,32.5
2026-05-16 14:00:00,Tower_Ibadan_01,0,14.382869155845615,14.42176415243443,85.0,262.48771711981004,32.5
2026-05-16 15:00:00,Tower_Ibadan_01,0,24.08694204114788,9.475179393624328,85.0,437.4557760900066,32.5
2026-05-16 16:00:00,Tower_Ibadan_01,0,16.114427901511405,7.976745977177212,85.0,259.8708265684268,32.5
2026-05-16 17:00:00,Tower_Ibadan_01,1,0.964775037528266,0.0,85.0,242.99388120165594,32.5
2026-05-16 18:00:00,Tower_Ibadan_01,0,20.69394871807336,0.0,85.0,463.8633626410727,32.5
2026-05-16 19:00:00,Tower_Ibadan_01,1,0.4479273321891222,0.0,85.0,400.42235976192615,32.5
2026-05-16 20:00:00,Tower_Ibadan_01,1,0.16605658557891134,0.0,85.0,497.22173772443523,32.5
2026-05-16 21:00:00,Tower_Ibadan_01,0,22.3698406676872,0.0,85.0,103.54228683254797,32.5
2026-05-16 22:00:00,Tower_Ibadan_01,0,24.239799318762415,0.0,85.0,129.48224708530597,32.5
2026-05-16 23:00:00,Tower_Ibadan_01,0,21.380554637496655,0.0,85.0,142.66284154534526,32.5
2026-05-17 00:00:00,Tower_Ibadan_01,0,23.143273244271512,0.0,85.0,59.40546539794869,32.5
2026-05-17 01:00:00,Tower_Ibadan_01,1,0.7130336139360096,0.0,85.0,147.40889487464074,32.5
2026-05-17 02:00:00,Tower_Ibadan_01,1,1.8457475865375266,0.0,85.0,66.75019830774926,32.5
2026-05-17 03:00:00,Tower_Ibadan_01,1,0.4456218096382658,0.0,85.0,134.55960945139495,32.5
2026-05-17 04:00:00,Tower_Ibadan_01,0,17.29493518355331,0.0,85.0,138.0482880496143,32.5
2026-05-17 05:00:00,Tower_Ibadan_01,0,10.242882295064586,0.0,85.0,87.54953102625922,32.5
2026-05-17 06:00:00,Tower_Ibadan_01,1,1.5746172913368242,0.0,85.0,110.24386835419594,32.5
2026-05-17 07:00:00,Tower_Ibadan_01,1,1.6590837207051599,0.0,85.0,140.68016707661516,32.5
2026-05-17 08:00:00,Tower_Ibadan_01,0,24.73272475630964,14.892007551930886,85.0,417.12958973521825,32.5
2026-05-17 09:00:00,Tower_Ibadan_01,0,16.18154693816607,13.898019589022544,85.0,335.5244919093998,32.5
2026-05-17 10:00:00,Tower_Ibadan_01,0,17.659008253257902,5.849318746504984,85.0,403.92653518987254,32.5
2026-05-17 11:00:00,Tower_Ibadan_01,1,1.6133600629101246,7.522554082037212,85.0,466.74755747249156,32.5
2026-05-17 12:00:00,Tower_Ibadan_01,1,0.8514742562378994,6.721866367654997,85.0,287.2861250371367,32.5
2026-05-17 13:00:00,Tower_Ibadan_01,0,18.749938467492697,9.759961785587887,85.0,298.567607569815,32.5
2026-05-17 14:00:00,Tower_Ibadan_01,0,13.5224527850353,6.982658815175885,85.0,355.23829853838396,32.5
2026-05-17 15:00:00,Tower_Ibadan_01,0,23.814298744539958,7.468849333544311,85.0,458.1029331061677,32.5
2026-05-17 16:00:00,Tower_Ibadan_01,1,0.00011202047754332867,6.655545876385117,85.0,496.6249819692841,32.5
2026-05-17 17:00:00,Tower_Ibadan_01,1,1.9990669507258991,0.0,85.0,423.4202753435353,32.5
2026-05-17 18:00:00,Tower_Ibadan_01,1,0.8880009836285283,0.0,85.0,473.3581310448955,32.5
2026-05-17 19:00:00,Tower_Ibadan_01,0,17.91120247302454,0.0,85.0,347.55258484805574,32.5
2026-05-17 20:00:00,Tower_Ibadan_01,0,13.131456885223272,0.0,85.0,234.54180568302533,32.5
2026-05-17 21:00:00,Tower_Ibadan_01,1,0.6182933630967988,0.0,85.0,136.18013013494328,32.5
2026-05-17 22:00:00,Tower_Ibadan_01,0,13.771492190635003,0.0,85.0,127.48579336425234,32.5
2026-05-17 23:00:00,Tower_Ibadan_01,1,0.07429274523202545,0.0,85.0,85.38521850223506,32.5
2026-05-18 00:00:00,Tower_Ibadan_01,1,1.373296603584981,0.0,85.0,62.65365802863947,32.5
2026-05-18 01:00:00,Tower_Ibadan_01,1,1.2852316468464373,0.0,85.0,98.62799404332367,32.5
2026-05-18 02:00:00,Tower_Ibadan_01,1,1.693261075508033,0.0,85.0,94.65164978598648,32.5
2026-05-18 03:00:00,Tower_Ibadan_01,1,0.5862469341036609,0.0,85.0,68.32081901434665,32.5
2026-05-18 04:00:00,Tower_Ibadan_01,0,20.339148265029785,0.0,85.0,88.1569892420261,32.5
2026-05-18 05:00:00,Tower_Ibadan_01,0,13.138712144579518,0.0,85.0,107.67219275150191,32.5
2026-05-18 06:00:00,Tower_Ibadan_01,0,22.187195632582046,0.0,85.0,69.66981974222296,32.5
2026-05-18 07:00:00,Tower_Ibadan_01,1,0.8746158484312962,0.0,85.0,67.78112588456405,32.5
2026-05-18 08:00:00,Tower_Ibadan_01,0,21.626626658219887,6.2048464831437,85.0,207.84850307800923,32.5
2026-05-18 09:00:00,Tower_Ibadan_01,1,0.5334112964455393,7.007588037201643,85.0,439.3470755972929,32.5
2026-05-18 10:00:00,Tower_Ibadan_01,0,18.13160498478888,6.6870738126755755,85.0,260.18800544693397,32.5
2026-05-18 11:00:00,Tower_Ibadan_01,0,21.256241353620076,10.525384641207598,85.0,497.89739287935004,32.5
2026-05-18 12:00:00,Tower_Ibadan_01,0,17.83667489490397,9.878133096667883,85.0,412.9744976659251,32.5
2026-05-18 13:00:00,Tower_Ibadan_01,0,11.78549782886721,10.927395741553774,85.0,243.14565743483007,32.5
2026-05-18 14:00:00,Tower_Ibadan_01,0,23.770514900059897,9.932788874716975,85.0,425.98445625379077,32.5
2026-05-18 15:00:00,Tower_Ibadan_01,1,1.2836049689138558,7.753732520410599,85.0,305.801796167756,32.5
2026-05-18 16:00:00,Tower_Ibadan_01,0,17.11403043240287,5.0362204154949906,85.0,352.09625430186895,32.5
2026-05-18 17:00:00,Tower_Ibadan_01,1,0.4287915917943268,0.0,85.0,370.94576280935746,32.5
2026-05-18 18:00:00,Tower_Ibadan_01,0,17.008563692090128,0.0,85.0,448.08005622231224,32.5
2026-05-18 19:00:00,Tower_Ibadan_01,0,19.09026078356904,0.0,85.0,341.30051484017423,32.5
2026-05-18 20:00:00,Tower_Ibadan_01,0,16.58955168134748,0.0,85.0,279.0680291092415,32.5
2026-05-18 21:00:00,Tower_Ibadan_01,1,0.3905546854208921,0.0,85.0,113.17146685604803,32.5
2026-05-18 22:00:00,Tower_Ibadan_01,0,22.683586340752882,0.0,85.0,126.26175399252149,32.5
2026-05-18 23:00:00,Tower_Ibadan_01,1,0.8682282656460363,0.0,85.0,128.89650204613875,32.5
2026-05-19 00:00:00,Tower_Ibadan_01,1,0.30443515828106515,0.0,85.0,121.75434846261,32.5
2026-05-19 01:00:00,Tower_Ibadan_01,0,18.185243737525564,0.0,85.0,145.61577066512237,32.5
2026-05-19 02:00:00,Tower_Ibadan_01,1,1.7827484310612705,0.0,85.0,132.3348511534749,32.5
2026-05-19 03:00:00,Tower_Ibadan_01,0,23.601189370225008,0.0,85.0,84.2218694671928,32.5
2026-05-19 04:00:00,Tower_Ibadan_01,0,20.785135296548667,0.0,85.0,62.041602190988456,32.5
2026-05-19 05:00:00,Tower_Ibadan_01,1,1.969994085408712,0.0,85.0,140.19722493189306,32.5
2026-05-19 06:00:00,Tower_Ibadan_01,0,16.130305923643867,0.0,85.0,124.33986490320069,32.5
2026-05-19 07:00:00,Tower_Ibadan_01,1,0.8026609350232363,0.0,85.0,80.79809067111444,32.5
2026-05-19 08:00:00,Tower_Ibadan_01,0,24.029441190554216,5.042530745750127,85.0,361.38112598546445,32.5
2026-05-19 09:00:00,Tower_Ibadan_01,0,17.822913210985508,11.949100828816864,85.0,294.1700245025902,32.5
2026-05-19 10:00:00,Tower_Ibadan_01,1,0.8181675360488228,13.374532801284461,85.0,477.9517571217339,32.5
2026-05-19 11:00:00,Tower_Ibadan_01,0,24.95346893805549,8.994502366936263,85.0,223.72327369364396,32.5
2026-05-19 12:00:00,Tower_Ibadan_01,1,0.44846582161616944,5.64031883822034,85.0,238.75499377546905,32.5
2026-05-19 13:00:00,Tower_Ibadan_01,1,0.7923945503769116,10.949398058353031,85.0,247.10264582048188,32.5
2026-05-19 14:00:00,Tower_Ibadan_01,1,1.5646225197886148,8.584050648273635,85.0,466.9047398209715,32.5
2026-05-19 15:00:00,Tower_Ibadan_01,1,0.25558118200670843,6.857896734655967,85.0,221.0611345949268,32.5
2026-05-19 16:00:00,Tower_Ibadan_01,1,1.9852808796723347,7.5077653918129,85.0,379.0915267655289,32.5
2026-05-19 17:00:00,Tower_Ibadan_01,0,16.32940831785216,0.0,85.0,346.85137665248465,32.5
2026-05-19 18:00:00,Tower_Ibadan_01,0,15.642535518303848,0.0,85.0,278.0651939516621,32.5
2026-05-19 19:00:00,Tower_Ibadan_01,0,12.234794578769913,0.0,85.0,334.4728095118161,32.5
2026-05-19 20:00:00,Tower_Ibadan_01,1,0.6951222686816836,0.0,85.0,234.54055399309425,32.5
2026-05-19 21:00:00,Tower_Ibadan_01,1,0.1615167436704006,0.0,85.0,127.12456627021484,32.5
2026-05-19 22:00:00,Tower_Ibadan_01,0,14.679042700696712,0.0,85.0,134.6565043001905,32.5
2026-05-19 23:00:00,Tower_Ibadan_01,0,12.967447124682106,0.0,85.0,116.58993232487889,32.5
2026-05-20 00:00:00,Tower_Ibadan_01,0,13.422346165217752,0.0,85.0,94.21595834616258,32.5
2026-05-20 01:00:00,Tower_Ibadan_01,0,19.071426878760256,0.0,85.0,128.37211311192425,32.5
2026-05-20 02:00:00,Tower_Ibadan_01,0,16.90987500888383,0.0,85.0,124.02067343521456,32.5
2026-05-20 03:00:00,Tower_Ibadan_01,0,16.61013482388713,0.0,85.0,107.20756490285937,32.5
2026-05-20 04:00:00,Tower_Ibadan_01,1,1.0913437729920676,0.0,85.0,95.81217256813733,32.5
2026-05-20 05:00:00,Tower_Ibadan_01,1,0.8031990797845066,0.0,85.0,58.71821029985678,32.5
2026-05-20 06:00:00,Tower_Ibadan_01,0,14.654429921834662,0.0,85.0,126.65271281415023,32.5
2026-05-20 07:00:00,Tower_Ibadan_01,0,18.44601848231749,0.0,85.0,80.4431169501183,32.5
2026-05-20 08:00:00,Tower_Ibadan_01,1,0.5725308706574759,9.749695071780575,85.0,388.1738195755488,32.5
2026-05-20 09:00:00,Tower_Ibadan_01,0,11.54417676057928,9.58136264077142,85.0,408.4889519964333,32.5
2026-05-20 10:00:00,Tower_Ibadan_01,1,1.5063129143336071,6.316082833684595,85.0,397.6708247805956,32.5
2026-05-20 11:00:00,Tower_Ibadan_01,1,1.0955736615398672,5.049476636334966,85.0,303.6053499123611,32.5
2026-05-20 12:00:00,Tower_Ibadan_01,1,1.5182119555387048,10.678220821198513,85.0,418.45857469759915,32.5
2026-05-20 13:00:00,Tower_Ibadan_01,0,20.03616800871258,10.379595295528844,85.0,439.80308425339234,32.5
2026-05-20 14:00:00,Tower_Ibadan_01,1,1.250775140176432,6.28836184330269,85.0,456.81608735755646,32.5
2026-05-20 15:00:00,Tower_Ibadan_01,0,18.59590319631377,9.310463266386833,85.0,400.6529389376858,32.5
2026-05-20 16:00:00,Tower_Ibadan_01,0,24.414038581908834,12.454520475974661,85.0,213.36151560291066,32.5
2026-05-20 17:00:00,Tower_Ibadan_01,0,11.888270709794217,0.0,85.0,320.8659237244059,32.5
2026-05-20 18:00:00,Tower_Ibadan_01,0,16.31378844483232,0.0,85.0,265.755067187913,32.5
2026-05-20 19:00:00,Tower_Ibadan_01,0,10.538428731923478,0.0,85.0,400.85677596828555,32.5
2026-05-20 20:00:00,Tower_Ibadan_01,0,14.825749896919314,0.0,85.0,295.69785962216787,32.5
2026-05-20 21:00:00,Tower_Ibadan_01,0,22.730937141494728,0.0,85.0,128.42289091208391,32.5
2026-05-20 22:00:00,Tower_Ibadan_01,0,13.898626578532099,0.0,85.0,92.8326411540076,32.5
2026-05-20 23:00:00,Tower_Ibadan_01,0,24.24648511568443,0.0,85.0,87.08976903163816,32.5
2026-05-21 00:00:00,Tower_Ibadan_01,1,0.29648634248270334,0.0,85.0,92.12201603116213,32.5
2026-05-21 01:00:00,Tower_Ibadan_01,0,10.904011606428883,0.0,85.0,69.84900338724475,32.5
2026-05-21 02:00:00,Tower_Ibadan_01,1,1.3436063175239992,0.0,85.0,83.42109064946852,32.5
2026-05-21 03:00:00,Tower_Ibadan_01,1,1.558255679708662,0.0,85.0,75.16722724733893,32.5
2026-05-21 04:00:00,Tower_Ibadan_01,0,15.071882849058031,0.0,85.0,138.44567242334813,32.5
2026-05-21 05:00:00,Tower_Ibadan_01,1,0.11421747705333263,0.0,85.0,102.69359657529675,32.5
2026-05-21 06:00:00,Tower_Ibadan_01,0,10.671631881110207,0.0,85.0,94.57850562003006,32.5
2026-05-21 07:00:00,Tower_Ibadan_01,0,14.927017718002357,0.0,85.0,50.614964032275964,32.5
2026-05-21 08:00:00,Tower_Ibadan_01,0,13.558465139010243,13.807880896420393,85.0,290.7261245239945,32.5
2026-05-21 09:00:00,Tower_Ibadan_01,1,1.6574890666834912,7.912127785422262,85.0,345.08161419020473,32.5
2026-05-21 10:00:00,Tower_Ibadan_01,0,22.739688863827887,14.942879125290752,85.0,452.62444651344026,32.5
2026-05-21 11:00:00,Tower_Ibadan_01,1,1.450779553419937,6.963935321771152,85.0,295.3050051132429,32.5
2026-05-21 12:00:00,Tower_Ibadan_01,1,1.562870422848822,14.213121767939342,85.0,456.0021708253358,32.5
2026-05-21 13:00:00,Tower_Ibadan_01,0,23.782392834279577,10.032537732098545,85.0,497.7589977408604,32.5
2026-05-21 14:00:00,Tower_Ibadan_01,1,0.41329807531134666,5.676419472684246,85.0,305.2267563878477,32.5
2026-05-21 15:00:00,Tower_Ibadan_01,1,0.15525431332406558,8.810862548068238,85.0,451.40211255670727,32.5
2026-05-21 16:00:00,Tower_Ibadan_01,1,0.7665945332431794,14.57271153861443,85.0,399.6876903992412,32.5
2026-05-21 17:00:00,Tower_Ibadan_01,1,0.16300890170924776,0.0,85.0,386.1984922494798,32.5
2026-05-21 18:00:00,Tower_Ibadan_01,0,14.883642027263749,0.0,85.0,257.19390146383944,32.5
2026-05-21 19:00:00,Tower_Ibadan_01,0,12.712384051400363,0.0,85.0,210.56979387696606,32.5
2026-05-21 20:00:00,Tower_Ibadan_01,0,85.0,0.0,85.0,415.5183195442183,32.5
2026-05-21 21:00:00,Tower_Ibadan_01,0,17.76191385639308,0.0,85.0,113.9413520848324,32.5
2026-05-21 22:00:00,Tower_Ibadan_01,0,20.009612563984827,0.0,85.0,103.60954870888841,32.5
2026-05-21 23:00:00,Tower_Ibadan_01,0,11.960222751243625,0.0,85.0,80.4136337218642,32.5
2026-05-22 00:00:00,Tower_Ibadan_01,1,0.9938204418813248,0.0,85.0,71.47331092264517,32.5
2026-05-22 01:00:00,Tower_Ibadan_01,1,0.7306184479967661,0.0,85.0,146.68513262838334,32.5
2026-05-22 02:00:00,Tower_Ibadan_01,1,0.03480675965785096,0.0,85.0,60.729675111842575,32.5
2026-05-22 03:00:00,Tower_Ibadan_01,1,1.0136432054437392,0.0,85.0,66.75397732770435,32.5
2026-05-22 04:00:00,Tower_Ibadan_01,0,11.744194178800353,0.0,85.0,54.2862644993867,32.5
2026-05-22 05:00:00,Tower_Ibadan_01,0,15.285215349193358,0.0,85.0,82.71603220512492,32.5
2026-05-22 06:00:00,Tower_Ibadan_01,0,10.90457692316924,0.0,85.0,138.14411177386984,32.5
2026-05-22 07:00:00,Tower_Ibadan_01,1,1.6414927629597411,0.0,85.0,76.3666276941108,32.5
2026-05-22 08:00:00,Tower_Ibadan_01,0,14.126532398163157,13.828550569657093,85.0,465.77933719512157,32.5
2026-05-22 09:00:00,Tower_Ibadan_01,1,0.8930641491622051,7.629336230779666,85.0,378.16610947298625,32.5
2026-05-22 10:00:00,Tower_Ibadan_01,0,21.775088270972365,8.837265454248982,85.0,297.9592584518157,32.5
2026-05-22 11:00:00,Tower_Ibadan_01,1,0.9824210766221373,14.314191347046826,85.0,499.357661274652,32.5
2026-05-22 12:00:00,Tower_Ibadan_01,1,1.469826617761865,6.093266373459086,85.0,234.58341789365426,32.5
2026-05-22 13:00:00,Tower_Ibadan_01,0,22.36512949932584,11.381102387517426,85.0,214.7433658041168,32.5
2026-05-22 14:00:00,Tower_Ibadan_01,0,24.464318840116693,7.0382516888813305,85.0,232.2563212103827,32.5
2026-05-22 15:00:00,Tower_Ibadan_01,0,20.15357869491268,6.438946679048706,85.0,482.9669396338067,32.5
2026-05-22 16:00:00,Tower_Ibadan_01,1,0.6543392787829152,10.836085317754202,85.0,468.52492587112647,32.5
2026-05-22 17:00:00,Tower_Ibadan_01,1,0.8606563168609422,0.0,85.0,456.60932584597646,32.5
2026-05-22 18:00:00,Tower_Ibadan_01,0,21.998616564007833,0.0,85.0,395.1440040295488,32.5
2026-05-22 19:00:00,Tower_Ibadan_01,1,0.6417109179964511,0.0,85.0,263.627824980117,32.5
2026-05-22 20:00:00,Tower_Ibadan_01,1,0.8044320336080932,0.0,85.0,292.7247718809046,32.5
2026-05-22 21:00:00,Tower_Ibadan_01,0,15.901305219052263,0.0,85.0,94.0570426271165,32.5
2026-05-22 22:00:00,Tower_Ibadan_01,1,1.155203746702023,0.0,85.0,96.7063330098452,32.5
2026-05-22 23:00:00,Tower_Ibadan_01,1,0.5234566387794213,0.0,85.0,68.47883551583446,32.5
2026-05-23 00:00:00,Tower_Ibadan_01,0,12.718462494370314,0.0,85.0,65.4744409841542,32.5
2026-05-23 01:00:00,Tower_Ibadan_01,1,1.1783304017534708,0.0,85.0,65.42675353259875,32.5
2026-05-23 02:00:00,Tower_Ibadan_01,0,19.29904122480441,0.0,85.0,109.23366117739062,32.5
2026-05-23 03:00:00,Tower_Ibadan_01,0,22.984357835180845,0.0,85.0,108.62366976431264,32.5
2026-05-23 04:00:00,Tower_Ibadan_01,1,0.8717451988363079,0.0,85.0,92.42357690450551,32.5
2026-05-23 05:00:00,Tower_Ibadan_01,0,20.83785035369464,0.0,85.0,110.2430328869701,32.5
2026-05-23 06:00:00,Tower_Ibadan_01,0,18.882700478886672,0.0,85.0,137.31388658966603,32.5
2026-05-23 07:00:00,Tower_Ibadan_01,0,15.765942994592837,0.0,85.0,112.38195434016609,32.5
2026-05-23 08:00:00,Tower_Ibadan_01,0,16.363988691253052,7.852302810289805,85.0,288.29193642216046,32.5
2026-05-23 09:00:00,Tower_Ibadan_01,0,12.016797983965972,6.114533205604263,85.0,355.4261677493614,32.5
2026-05-23 10:00:00,Tower_Ibadan_01,1,1.2413251996069603,8.498446218771488,85.0,300.18645131427854,32.5
2026-05-23 11:00:00,Tower_Ibadan_01,1,0.927240487952629,13.984493984308887,85.0,449.3544556773825,32.5
2026-05-23 12:00:00,Tower_Ibadan_01,0,17.371223744290354,5.5863730368381415,85.0,250.15781077967878,32.5
2026-05-23 13:00:00,Tower_Ibadan_01,0,18.83927078242336,5.731969637712782,85.0,263.91918669734395,32.5
2026-05-23 14:00:00,Tower_Ibadan_01,0,12.486987385136876,13.524689591172951,85.0,356.74737434195833,32.5
2026-05-23 15:00:00,Tower_Ibadan_01,1,0.3604721610930457,8.37399203746079,85.0,309.5885686805585,32.5
2026-05-23 16:00:00,Tower_Ibadan_01,0,19.150917671206948,14.736975452696788,85.0,390.186740398946,32.5
2026-05-23 17:00:00,Tower_Ibadan_01,0,15.336713397753195,0.0,85.0,210.52397842868973,32.5
2026-05-23 18:00:00,Tower_Ibadan_01,0,24.550778661368533,0.0,85.0,233.85995772772318,32.5
2026-05-23 19:00:00,Tower_Ibadan_01,0,22.09783350260468,0.0,85.0,305.6250798674333,32.5
2026-05-23 20:00:00,Tower_Ibadan_01,1,0.81242707228697,0.0,85.0,254.1179101941578,32.5
2026-05-23 21:00:00,Tower_Ibadan_01,1,1.0144038761013328,0.0,85.0,137.51617748449274,32.5
2026-05-23 22:00:00,Tower_Ibadan_01,0,11.325221066396006,0.0,85.0,63.2387399881933,32.5
2026-05-23 23:00:00,Tower_Ibadan_01,0,19.849162036277107,0.0,85.0,97.60219255867808,32.5
2026-05-24 00:00:00,Tower_Ibadan_01,0,11.938885947567897,0.0,85.0,88.43149815060588,32.5
2026-05-24 01:00:00,Tower_Ibadan_01,0,17.676442909427703,0.0,85.0,73.01633095491577,32.5
2026-05-24 02:00:00,Tower_Ibadan_01,0,14.305237552162751,0.0,85.0,145.419466802261,32.5
2026-05-24 03:00:00,Tower_Ibadan_01,0,20.629305282053007,0.0,85.0,81.80408563639091,32.5
2026-05-24 04:00:00,Tower_Ibadan_01,0,21.928604745876342,0.0,85.0,147.15697509842136,32.5
2026-05-24 05:00:00,Tower_Ibadan_01,1,0.19126536982746933,0.0,85.0,135.6270905269284,32.5
2026-05-24 06:00:00,Tower_Ibadan_01,0,15.816060798554693,0.0,85.0,118.46572176130307,32.5
2026-05-24 07:00:00,Tower_Ibadan_01,0,18.869582251067737,0.0,85.0,69.92297851546442,32.5
2026-05-24 08:00:00,Tower_Ibadan_01,1,0.11584822204201983,11.990693631223898,85.0,341.5814744638576,32.5
2026-05-24 09:00:00,Tower_Ibadan_01,1,0.2659034257638211,10.228079756831043,85.0,265.83976881096726,32.5
2026-05-24 10:00:00,Tower_Ibadan_01,1,1.9313838099604659,10.909804706285671,85.0,442.1025465681015,32.5
2026-05-24 11:00:00,Tower_Ibadan_01,1,0.14391801808226923,10.647931849256864,85.0,417.88134874915056,32.5
2026-05-24 12:00:00,Tower_Ibadan_01,1,1.735049716553082,8.168470129856598,85.0,329.157524158414,32.5
2026-05-24 13:00:00,Tower_Ibadan_01,0,11.931276139878516,13.814221940247297,85.0,368.86026763244604,32.5
2026-05-24 14:00:00,Tower_Ibadan_01,0,18.952124337439873,13.071972697180156,85.0,388.36679381202185,32.5
2026-05-24 15:00:00,Tower_Ibadan_01,0,20.494424990958144,11.694938074461827,85.0,319.04710400051505,32.5
2026-05-24 16:00:00,Tower_Ibadan_01,0,17.441543970583787,9.742968925705728,85.0,351.5205154791422,32.5
2026-05-24 17:00:00,Tower_Ibadan_01,0,10.686227722297822,0.0,85.0,359.1083838631903,32.5
2026-05-24 18:00:00,Tower_Ibadan_01,0,11.98363713481048,0.0,85.0,474.9094365540568,32.5
2026-05-24 19:00:00,Tower_Ibadan_01,1,1.2149836127476294,0.0,85.0,208.32490930201067,32.5
2026-05-24 20:00:00,Tower_Ibadan_01,1,0.1028410657462846,0.0,85.0,410.9423048216312,32.5
2026-05-24 21:00:00,Tower_Ibadan_01,1,0.41876921194998595,0.0,85.0,149.33232211940057,32.5
2026-05-24 22:00:00,Tower_Ibadan_01,0,14.928061073099876,0.0,85.0,133.6312654865418,32.5
2026-05-24 23:00:00,Tower_Ibadan_01,1,1.4401683621241679,0.0,85.0,83.05456764921477,32.5
2026-05-25 00:00:00,Tower_Ibadan_01,1,1.5911632884974198,0.0,85.0,89.38599869454822,32.5
2026-05-25 01:00:00,Tower_Ibadan_01,1,1.5234575604512877,0.0,85.0,76.78332730176011,32.5
2026-05-25 02:00:00,Tower_Ibadan_01,1,0.3941378940033784,0.0,85.0,109.27629767804098,32.5
2026-05-25 03:00:00,Tower_Ibadan_01,0,21.902077307568717,0.0,85.0,56.892216907491,32.5
2026-05-25 04:00:00,Tower_Ibadan_01,0,17.86617340286734,0.0,85.0,124.02891365227659,32.5
2026-05-25 05:00:00,Tower_Ibadan_01,0,11.974643509949905,0.0,85.0,63.36019625585661,32.5
2026-05-25 06:00:00,Tower_Ibadan_01,1,1.3030839846733853,0.0,85.0,102.53609546433549,32.5
2026-05-25 07:00:00,Tower_Ibadan_01,1,0.10565437464782823,0.0,85.0,105.40680213750956,32.5
2026-05-25 08:00:00,Tower_Ibadan_01,1,1.364278682586107,13.213719930791912,85.0,342.34350865945737,32.5
2026-05-25 09:00:00,Tower_Ibadan_01,0,14.361704509457871,12.781469115347987,85.0,295.630519171487,32.5
2026-05-25 10:00:00,Tower_Ibadan_01,0,15.203270787682374,10.13450222076942,85.0,322.0419527528197,32.5
2026-05-25 11:00:00,Tower_Ibadan_01,1,1.9499513028914006,8.160248281890805,85.0,226.85369600698502,32.5
2026-05-25 12:00:00,Tower_Ibadan_01,1,0.24470610803290915,7.920551197852349,85.0,269.35504927386125,32.5
2026-05-25 13:00:00,Tower_Ibadan_01,1,1.1676752257273015,9.344241924250818,85.0,428.2690357941761,32.5
2026-05-25 14:00:00,Tower_Ibadan_01,1,1.297227780365733,14.16257489259371,85.0,326.8631917746077,32.5
2026-05-25 15:00:00,Tower_Ibadan_01,1,0.031217283029250975,10.533955081271337,85.0,449.55512855960836,32.5
2026-05-25 16:00:00,Tower_Ibadan_01,0,22.827883015184668,6.360749582059371,85.0,271.77364903203085,32.5
2026-05-25 17:00:00,Tower_Ibadan_01,1,0.7365203536373317,0.0,85.0,392.96404221193654,32.5
2026-05-25 18:00:00,Tower_Ibadan_01,1,1.8841691407725303,0.0,85.0,384.2734611816019,32.5
2026-05-25 19:00:00,Tower_Ibadan_01,0,19.716274608329165,0.0,85.0,290.27305763205504,32.5
2026-05-25 20:00:00,Tower_Ibadan_01,0,11.53880466247138,0.0,85.0,483.62010885816926,32.5
2026-05-25 21:00:00,Tower_Ibadan_01,0,19.853178790738486,0.0,85.0,79.20655026835608,32.5
2026-05-25 22:00:00,Tower_Ibadan_01,0,21.4232265675007,0.0,85.0,97.73233992031126,32.5
2026-05-25 23:00:00,Tower_Ibadan_01,0,14.270360458181283,0.0,85.0,93.60751423179217,32.5
2026-05-26 00:00:00,Tower_Ibadan_01,0,23.504301489790095,0.0,85.0,90.19029481321911,32.5
2026-05-26 01:00:00,Tower_Ibadan_01,0,15.149913415538679,0.0,85.0,107.68110870854935,32.5
2026-05-26 02:00:00,Tower_Ibadan_01,0,18.144797757223902,0.0,85.0,70.58793003673271,32.5
2026-05-26 03:00:00,Tower_Ibadan_01,0,21.264653756281852,0.0,85.0,90.71818515418391,32.5
2026-05-26 04:00:00,Tower_Ibadan_01,1,0.21247070744155327,0.0,85.0,68.48645382719167,32.5
2026-05-26 05:00:00,Tower_Ibadan_01,0,12.613843095229463,0.0,85.0,84.12255723881638,32.5
2026-05-26 06:00:00,Tower_Ibadan_01,1,0.13808812143976668,0.0,85.0,95.61642939578658,32.5
2026-05-26 07:00:00,Tower_Ibadan_01,0,14.514047253874747,0.0,85.0,141.30499870747857,32.5
2026-05-26 08:00:00,Tower_Ibadan_01,1,0.7459347834055383,10.916289491898638,85.0,233.5149724966429,32.5
2026-05-26 09:00:00,Tower_Ibadan_01,1,1.6328576006809847,13.811380514256253,85.0,481.5241532720465,32.5
2026-05-26 10:00:00,Tower_Ibadan_01,1,1.2304550504565794,13.494698604125574,85.0,428.1666502350048,32.5
2026-05-26 11:00:00,Tower_Ibadan_01,0,12.869895438614531,5.297878192665326,85.0,475.7496082234935,32.5
2026-05-26 12:00:00,Tower_Ibadan_01,1,1.5791933402800866,12.895868700037681,85.0,207.58814131208473,32.5
2026-05-26 13:00:00,Tower_Ibadan_01,0,17.97760537078465,7.803092902124742,85.0,381.9432445538687,32.5
2026-05-26 14:00:00,Tower_Ibadan_01,1,0.7425848573052836,6.415371581447543,85.0,390.1454737320441,32.5
2026-05-26 15:00:00,Tower_Ibadan_01,1,1.6799666974153844,14.655977309739294,85.0,243.59290432074027,32.5
2026-05-26 16:00:00,Tower_Ibadan_01,1,1.850653615942589,8.377626923301502,85.0,374.4770710755447,32.5
2026-05-26 17:00:00,Tower_Ibadan_01,1,1.3616019693888535,0.0,85.0,418.61019549879757,32.5
2026-05-26 18:00:00,Tower_Ibadan_01,0,11.758870126537035,0.0,85.0,468.1519680030339,32.5
2026-05-26 19:00:00,Tower_Ibadan_01,1,1.3197703660904978,0.0,85.0,284.27402317010285,32.5
2026-05-26 20:00:00,Tower_Ibadan_01,1,0.726438156970262,0.0,85.0,309.9269909074297,32.5
2026-05-26 21:00:00,Tower_Ibadan_01,0,13.243808581122494,0.0,85.0,90.78391499158306,32.5
2026-05-26 22:00:00,Tower_Ibadan_01,0,11.790026307947063,0.0,85.0,109.7402479636952,32.5
2026-05-26 23:00:00,Tower_Ibadan_01,0,20.70737108428807,0.0,85.0,104.64422502800294,32.5
2026-05-27 00:00:00,Tower_Ibadan_01,0,10.231828608445406,0.0,85.0,75.10063118128859,32.5
2026-05-27 01:00:00,Tower_Ibadan_01,1,1.0131222841673977,0.0,85.0,58.32926729378744,32.5
2026-05-27 02:00:00,Tower_Ibadan_01,1,0.6820130557671795,0.0,85.0,142.65236104760277,32.5
2026-05-27 03:00:00,Tower_Ibadan_01,1,0.9110773553286982,0.0,85.0,96.26477901063018,32.5
2026-05-27 04:00:00,Tower_Ibadan_01,0,24.393058054368026,0.0,85.0,67.00142595880897,32.5
2026-05-27 05:00:00,Tower_Ibadan_01,0,24.83302022027732,0.0,85.0,62.090342384638205,32.5
2026-05-27 06:00:00,Tower_Ibadan_01,1,1.0840351758271054,0.0,85.0,129.51889716765328,32.5
2026-05-27 07:00:00,Tower_Ibadan_01,1,0.35497331170343216,0.0,85.0,82.42192556889891,32.5
2026-05-27 08:00:00,Tower_Ibadan_01,0,17.076883344799146,14.158494410799904,85.0,434.62554730468094,32.5
2026-05-27 09:00:00,Tower_Ibadan_01,1,0.9981922540609067,14.552731913751344,85.0,202.2115550413247,32.5
2026-05-27 10:00:00,Tower_Ibadan_01,0,24.406518815535932,9.083346288116553,85.0,348.77905017401775,32.5
2026-05-27 11:00:00,Tower_Ibadan_01,0,14.54984498822782,7.559420788776459,85.0,359.54478587639795,32.5
2026-05-27 12:00:00,Tower_Ibadan_01,0,22.468454997172586,14.24551569264137,85.0,200.23716284417037,32.5
2026-05-27 13:00:00,Tower_Ibadan_01,0,19.553411961325594,11.338661946199087,85.0,223.30414091099567,32.5
2026-05-27 14:00:00,Tower_Ibadan_01,0,20.65322658647797,11.143291565104931,85.0,219.10869712090852,32.5
2026-05-27 15:00:00,Tower_Ibadan_01,0,15.772010394186573,8.580285764914713,85.0,486.3566259634589,32.5
2026-05-27 16:00:00,Tower_Ibadan_01,0,19.880393973365365,8.229599453094824,85.0,403.99367554810715,32.5
2026-05-27 17:00:00,Tower_Ibadan_01,1,0.274191685286856,0.0,85.0,355.93738790316365,32.5
2026-05-27 18:00:00,Tower_Ibadan_01,0,16.345981780519516,0.0,85.0,416.8488758436995,32.5
2026-05-27 19:00:00,Tower_Ibadan_01,0,15.794995435034416,0.0,85.0,273.17835570585424,32.5
2026-05-27 20:00:00,Tower_Ibadan_01,0,15.180434489010533,0.0,85.0,219.49522031466026,32.5
2026-05-27 21:00:00,Tower_Ibadan_01,1,1.7624011255899679,0.0,85.0,116.64228755891921,32.5
2026-05-27 22:00:00,Tower_Ibadan_01,1,1.7598993269281245,0.0,85.0,74.57492801062477,32.5
2026-05-27 23:00:00,Tower_Ibadan_01,1,1.5705535422007426,0.0,85.0,137.17464564031212,32.5
2026-05-28 00:00:00,Tower_Ibadan_01,1,0.4927363004645422,0.0,85.0,144.83442765243188,32.5
2026-05-28 01:00:00,Tower_Ibadan_01,0,14.49209586399928,0.0,85.0,108.63670206239433,32.5
2026-05-28 02:00:00,Tower_Ibadan_01,0,11.72305929064191,0.0,85.0,126.69559301289452,32.5
2026-05-28 03:00:00,Tower_Ibadan_01,1,0.24888719105233448,0.0,85.0,78.35825434798193,32.5
2026-05-28 04:00:00,Tower_Ibadan_01,0,14.824366557848288,0.0,85.0,65.56197357344998,32.5
2026-05-28 05:00:00,Tower_Ibadan_01,1,0.21446518140093573,0.0,85.0,102.71787730245664,32.5
2026-05-28 06:00:00,Tower_Ibadan_01,1,0.7589310741863537,0.0,85.0,76.33228844788621,32.5
2026-05-28 07:00:00,Tower_Ibadan_01,0,20.392847696562413,0.0,85.0,116.7135038437905,32.5
2026-05-28 08:00:00,Tower_Ibadan_01,0,14.649037744138248,6.11881852973256,85.0,375.05552499851694,32.5
2026-05-28 09:00:00,Tower_Ibadan_01,1,1.0484510781757053,14.111609647724578,85.0,330.7374815277976,32.5
2026-05-28 10:00:00,Tower_Ibadan_01,1,1.5410375203590376,6.521921964718791,85.0,280.1904031544521,32.5
2026-05-28 11:00:00,Tower_Ibadan_01,1,1.903780167873806,14.010844220105527,85.0,310.10186686433644,32.5
2026-05-28 12:00:00,Tower_Ibadan_01,0,21.298222905007435,14.562748431353642,85.0,451.35902317785303,32.5
2026-05-28 13:00:00,Tower_Ibadan_01,1,0.08842743037567935,13.079119017535874,85.0,368.9913698319703,32.5
2026-05-28 14:00:00,Tower_Ibadan_01,0,22.246887514046314,7.067038883662386,85.0,249.86865125427056,32.5
2026-05-28 15:00:00,Tower_Ibadan_01,0,11.439335902294378,7.704302258289907,85.0,407.14523866111307,32.5
2026-05-28 16:00:00,Tower_Ibadan_01,1,1.2576507523796145,8.729254413517628,85.0,301.1201228742452,32.5
2026-05-28 17:00:00,Tower_Ibadan_01,0,20.82161469572523,0.0,85.0,467.15991607678797,32.5
2026-05-28 18:00:00,Tower_Ibadan_01,0,18.208147984315936,0.0,85.0,422.0410228715142,32.5
2026-05-28 19:00:00,Tower_Ibadan_01,0,24.438014377292237,0.0,85.0,363.0397042254284,32.5
2026-05-28 20:00:00,Tower_Ibadan_01,1,0.733878472992535,0.0,85.0,492.4580617234716,32.5
2026-05-28 21:00:00,Tower_Ibadan_01,1,0.08082379932695138,0.0,85.0,128.9280484488225,32.5
2026-05-28 22:00:00,Tower_Ibadan_01,1,1.8464204590338453,0.0,85.0,138.83706940515407,32.5
2026-05-28 23:00:00,Tower_Ibadan_01,1,1.6173431168061825,0.0,85.0,97.4378902097207,32.5
2026-05-29 00:00:00,Tower_Ibadan_01,0,16.333144286804632,0.0,85.0,67.17382592776028,32.5
2026-05-29 01:00:00,Tower_Ibadan_01,1,0.47134642857915465,0.0,85.0,53.45712732416919,32.5
2026-05-29 02:00:00,Tower_Ibadan_01,1,1.5425080032987388,0.0,85.0,106.20904561892917,32.5
2026-05-29 03:00:00,Tower_Ibadan_01,0,23.376126926164233,0.0,85.0,89.51460989459295,32.5
2026-05-29 04:00:00,Tower_Ibadan_01,0,13.675276827652066,0.0,85.0,83.03265617733734,32.5
2026-05-29 05:00:00,Tower_Ibadan_01,0,20.134817565936316,0.0,85.0,77.31616018412267,32.5
2026-05-29 06:00:00,Tower_Ibadan_01,0,20.42402460194255,0.0,85.0,57.79495159030785,32.5
2026-05-29 07:00:00,Tower_Ibadan_01,0,13.692003761575267,0.0,85.0,131.24370630455954,32.5
2026-05-29 08:00:00,Tower_Ibadan_01,0,13.961949470043406,5.505276278179789,85.0,331.6942117573594,32.5
2026-05-29 09:00:00,Tower_Ibadan_01,0,22.154106459410862,10.045320229510462,85.0,445.6177835318325,32.5
2026-05-29 10:00:00,Tower_Ibadan_01,1,1.8941953241112632,6.466221521317181,85.0,329.7999177420103,32.5
2026-05-29 11:00:00,Tower_Ibadan_01,0,18.757288482030027,11.439015010646916,85.0,244.75418966070154,32.5
2026-05-29 12:00:00,Tower_Ibadan_01,1,0.5277321591983759,10.48833262563335,85.0,212.27721091939662,32.5
2026-05-29 13:00:00,Tower_Ibadan_01,0,19.798120673977465,10.19178390062531,85.0,248.68321261426712,32.5
2026-05-29 14:00:00,Tower_Ibadan_01,1,0.6248503927847657,12.373262303672274,85.0,371.4465602298893,32.5
2026-05-29 15:00:00,Tower_Ibadan_01,0,13.677782058762649,14.702467299234634,85.0,239.68487980549529,32.5
2026-05-29 16:00:00,Tower_Ibadan_01,1,0.8940161489636869,8.109512789720384,85.0,496.1396644065519,32.5
2026-05-29 17:00:00,Tower_Ibadan_01,0,24.910971962647793,0.0,85.0,314.79620840308064,32.5
2026-05-29 18:00:00,Tower_Ibadan_01,0,11.120002984720747,0.0,85.0,266.11334020094586,32.5
2026-05-29 19:00:00,Tower_Ibadan_01,0,17.322919436950883,0.0,85.0,472.473181840169,32.5
2026-05-29 20:00:00,Tower_Ibadan_01,0,24.42611851690798,0.0,85.0,237.7180345728047,32.5
2026-05-29 21:00:00,Tower_Ibadan_01,0,19.497581251382,0.0,85.0,51.8191790606894,32.5
2026-05-29 22:00:00,Tower_Ibadan_01,0,15.015754669602426,0.0,85.0,114.40130982575613,32.5
2026-05-29 23:00:00,Tower_Ibadan_01,0,12.406451868225608,0.0,85.0,135.76873853105616,32.5
2026-05-30 00:00:00,Tower_Ibadan_01,0,16.89666089681966,0.0,85.0,59.148107920005145,32.5
2026-05-30 01:00:00,Tower_Ibadan_01,0,24.859894995437536,0.0,85.0,131.12618852091214,32.5
2026-05-30 02:00:00,Tower_Ibadan_01,0,17.334808948876574,0.0,85.0,116.53686867159088,32.5
2026-05-30 03:00:00,Tower_Ibadan_01,0,24.383067022485303,0.0,85.0,70.36667740228242,32.5
2026-05-30 04:00:00,Tower_Ibadan_01,0,18.909704810431688,0.0,85.0,119.17441269732976,32.5
2026-05-30 05:00:00,Tower_Ibadan_01,1,0.18552191761835513,0.0,85.0,105.8847052913886,32.5
2026-05-30 06:00:00,Tower_Ibadan_01,1,1.6554193612681118,0.0,85.0,149.303308396102,32.5
2026-05-30 07:00:00,Tower_Ibadan_01,0,18.495639531976728,0.0,85.0,124.80662709194219,32.5
2026-05-30 08:00:00,Tower_Ibadan_01,0,12.647656078804552,12.252056106224021,85.0,316.4694687873063,32.5
2026-05-30 09:00:00,Tower_Ibadan_01,1,0.47295272471459415,8.107137905295208,85.0,376.31031344649296,32.5
2026-05-30 10:00:00,Tower_Ibadan_01,0,11.190483532792797,8.293344756122298,85.0,398.7527525687269,32.5
2026-05-30 11:00:00,Tower_Ibadan_01,0,24.369166456333247,8.234361282985162,85.0,373.33934601228964,32.5
2026-05-30 12:00:00,Tower_Ibadan_01,1,1.8373107270911493,12.19414376315899,85.0,392.9049373721963,32.5
2026-05-30 13:00:00,Tower_Ibadan_01,1,1.7297414804461264,8.763675930278175,85.0,280.1418314540251,32.5
2026-05-30 14:00:00,Tower_Ibadan_01,0,10.74140886233281,12.85151535174899,85.0,321.5543028143935,32.5
2026-05-30 15:00:00,Tower_Ibadan_01,0,24.8058338241601,8.622782564469194,85.0,369.76817719523063,32.5
2026-05-30 16:00:00,Tower_Ibadan_01,1,0.11953735365574114,12.819250382116104,85.0,328.4102136067295,32.5
2026-05-30 17:00:00,Tower_Ibadan_01,0,12.88142290125072,0.0,85.0,218.81008505439476,32.5
2026-05-30 18:00:00,Tower_Ibadan_01,0,20.211740504086546,0.0,85.0,469.63712187705096,32.5
2026-05-30 19:00:00,Tower_Ibadan_01,1,0.28867662816566697,0.0,85.0,269.99360011235336,32.5
2026-05-30 20:00:00,Tower_Ibadan_01,0,18.486754931939256,0.0,85.0,257.7482384022127,32.5
2026-05-30 21:00:00,Tower_Ibadan_01,0,13.229506425315424,0.0,85.0,104.86310915329383,32.5
2026-05-30 22:00:00,Tower_Ibadan_01,1,0.19903854521520703,0.0,85.0,91.88239594083767,32.5
2026-05-30 23:00:00,Tower_Ibadan_01,0,20.75409456494623,0.0,85.0,87.79916273656258,32.5
2026-05-31 00:00:00,Tower_Ibadan_01,1,0.478116917136475,0.0,85.0,58.994605289515945,32.5
2026-05-31 01:00:00,Tower_Ibadan_01,0,18.941790465532854,0.0,85.0,102.41214256450704,32.5
2026-05-31 02:00:00,Tower_Ibadan_01,1,0.0210218185790203,0.0,85.0,141.2808646145334,32.5
2026-05-31 03:00:00,Tower_Ibadan_01,0,23.218253759442234,0.0,85.0,54.68471475181511,32.5
2026-05-31 04:00:00,Tower_Ibadan_01,0,24.79035337480111,0.0,85.0,57.078490350967684,32.5
2026-05-31 05:00:00,Tower_Ibadan_01,1,1.7999571155950893,0.0,85.0,64.14826175251345,32.5
2026-05-31 06:00:00,Tower_Ibadan_01,0,14.79559439068031,0.0,85.0,133.96935405806323,32.5
2026-05-31 07:00:00,Tower_Ibadan_01,0,15.000557190218831,0.0,85.0,133.11871545859515,32.5
2026-05-31 08:00:00,Tower_Ibadan_01,0,14.687003894293976,12.434429484873768,85.0,442.95357424845724,32.5
2026-05-31 09:00:00,Tower_Ibadan_01,1,1.3552309904524968,6.038599053678104,85.0,404.1938025137175,32.5
2026-05-31 10:00:00,Tower_Ibadan_01,0,15.831182244048065,10.271202755976734,85.0,478.79408418595585,32.5
2026-05-31 11:00:00,Tower_Ibadan_01,0,17.13268515145639,9.565413851966527,85.0,270.1895206400825,32.5
2026-05-31 12:00:00,Tower_Ibadan_01,1,0.22000473821656663,14.799574381758696,85.0,344.2383145327289,32.5
2026-05-31 13:00:00,Tower_Ibadan_01,0,12.200229377102445,11.550242396468308,85.0,321.889164780978,32.5
2026-05-31 14:00:00,Tower_Ibadan_01,1,1.7440823085587176,13.87845799452095,85.0,379.1351444887473,32.5
2026-05-31 15:00:00,Tower_Ibadan_01,0,18.489206201766187,10.011947818669947,85.0,342.9835782265775,32.5
2026-05-31 16:00:00,Tower_Ibadan_01,1,1.9476027912088554,7.249432516400426,85.0,333.587720823769,32.5
2026-05-31 17:00:00,Tower_Ibadan_01,0,23.86928376142074,0.0,85.0,405.0491813309924,32.5
2026-05-31 18:00:00,Tower_Ibadan_01,0,12.077179462504946,0.0,85.0,333.2976439007051,32.5
2026-05-31 19:00:00,Tower_Ibadan_01,0,12.53861022457508,0.0,85.0,474.5128942981251,32.5
2026-05-31 20:00:00,Tower_Ibadan_01,0,18.494920170039364,0.0,85.0,483.9247762538177,32.5
2026-05-31 21:00:00,Tower_Ibadan_01,0,12.608789750218344,0.0,85.0,83.96199749817947,32.5
2026-05-31 22:00:00,Tower_Ibadan_01,1,1.4426323003375197,0.0,85.0,143.17442044382187,32.5
2026-05-31 23:00:00,Tower_Ibadan_01,1,0.03191397304080912,0.0,85.0,97.9953424176214,32.5
2026-06-01 00:00:00,Tower_Ibadan_01,0,16.57364238314117,0.0,85.0,62.224437090876364,32.5
2026-06-01 01:00:00,Tower_Ibadan_01,0,16.6166339963877,0.0,85.0,129.67182092919893,32.5
2026-06-01 02:00:00,Tower_Ibadan_01,0,13.618922625155486,0.0,85.0,65.98256224509393,32.5
2026-06-01 03:00:00,Tower_Ibadan_01,1,0.7410684223428627,0.0,85.0,113.20953381722286,32.5
2026-06-01 04:00:00,Tower_Ibadan_01,1,0.44845163822392253,0.0,85.0,122.32084589039738,32.5
2026-06-01 05:00:00,Tower_Ibadan_01,0,20.626875939158683,0.0,85.0,70.30730291379652,32.5
2026-06-01 06:00:00,Tower_Ibadan_01,1,0.7396714040517047,0.0,85.0,89.89560668189363,32.5
2026-06-01 07:00:00,Tower_Ibadan_01,0,22.262967527250485,0.0,85.0,127.88992839390862,32.5
2026-06-01 08:00:00,Tower_Ibadan_01,0,11.050417251675112,13.927844095536852,85.0,410.4147425372799,32.5
2026-06-01 09:00:00,Tower_Ibadan_01,0,22.099440139638794,9.486265773002714,85.0,428.7205951530851,32.5
2026-06-01 10:00:00,Tower_Ibadan_01,0,23.434525247613582,11.064479550668803,85.0,268.90871021408964,32.5
2026-06-01 11:00:00,Tower_Ibadan_01,1,1.4365606251658876,7.8864544174641455,85.0,418.57202269434737,32.5
2026-06-01 12:00:00,Tower_Ibadan_01,0,21.754001968069197,13.446760979724594,85.0,281.7768977682542,32.5
2026-06-01 13:00:00,Tower_Ibadan_01,0,10.968995224958954,5.6456473470611215,85.0,296.29335695838824,32.5
2026-06-01 14:00:00,Tower_Ibadan_01,0,10.799062252358933,13.084855135645679,85.0,330.1312010322225,32.5
2026-06-01 15:00:00,Tower_Ibadan_01,0,13.105700618880997,13.250098751603161,85.0,202.54873648893448,32.5
2026-06-01 16:00:00,Tower_Ibadan_01,0,21.113681468031047,10.863503914329637,85.0,229.63403194408744,32.5
2026-06-01 17:00:00,Tower_Ibadan_01,0,18.67154411666148,0.0,85.0,241.0001718945623,32.5
2026-06-01 18:00:00,Tower_Ibadan_01,1,0.34027541972085107,0.0,85.0,357.75234878671915,32.5
2026-06-01 19:00:00,Tower_Ibadan_01,1,1.1750978650307866,0.0,85.0,499.76168272328374,32.5
2026-06-01 20:00:00,Tower_Ibadan_01,0,22.789149695850313,0.0,85.0,211.57013280348934,32.5
2026-06-01 21:00:00,Tower_Ibadan_01,1,0.43928529531159155,0.0,85.0,108.6039089568155,32.5
2026-06-01 22:00:00,Tower_Ibadan_01,0,14.131215235426982,0.0,85.0,104.05012305520336,32.5
2026-06-01 23:00:00,Tower_Ibadan_01,0,10.175863978944665,0.0,85.0,118.60628925436575,32.5
2026-06-02 00:00:00,Tower_Ibadan_01,1,1.9238900265036236,0.0,85.0,85.68606749457099,32.5
2026-06-02 01:00:00,Tower_Ibadan_01,0,20.34460340423268,0.0,85.0,124.89963385667821,32.5
2026-06-02 02:00:00,Tower_Ibadan_01,0,20.74089893264864,0.0,85.0,148.92643727376463,32.5
2026-06-02 03:00:00,Tower_Ibadan_01,1,1.6398123457741132,0.0,85.0,54.3932742032444,32.5
2026-06-02 04:00:00,Tower_Ibadan_01,1,0.3386964974428004,0.0,85.0,91.28302392953702,32.5
2026-06-02 05:00:00,Tower_Ibadan_01,1,1.4010799940777285,0.0,85.0,121.39311392543054,32.5
2026-06-02 06:00:00,Tower_Ibadan_01,1,0.35411556794755494,0.0,85.0,69.72757911844243,32.5
2026-06-02 07:00:00,Tower_Ibadan_01,0,16.966583682226783,0.0,85.0,116.58137329299528,32.5
2026-06-02 08:00:00,Tower_Ibadan_01,1,1.2835988681745019,8.24821727675543,85.0,486.08751882996677,32.5
2026-06-02 09:00:00,Tower_Ibadan_01,1,1.6194168356588612,5.017158437499196,85.0,457.50634662147127,32.5
2026-06-02 10:00:00,Tower_Ibadan_01,1,1.780521504540389,11.410965616144168,85.0,250.87019577094514,32.5
2026-06-02 11:00:00,Tower_Ibadan_01,0,19.331792245489474,9.296733465836,85.0,433.88022664078505,32.5
2026-06-02 12:00:00,Tower_Ibadan_01,0,10.463318999634872,13.018275796501971,85.0,274.98149064038455,32.5
2026-06-02 13:00:00,Tower_Ibadan_01,0,19.596093229787247,8.073404126408935,85.0,224.95920682694376,32.5
2026-06-02 14:00:00,Tower_Ibadan_01,1,0.5163613164199559,5.944893815584628,85.0,211.88933414527824,32.5
2026-06-02 15:00:00,Tower_Ibadan_01,0,14.388151125506507,9.174129103467413,85.0,273.68938308434264,32.5
2026-06-02 16:00:00,Tower_Ibadan_01,0,15.91895573004145,14.761554921396984,85.0,460.5675411293806,32.5
2026-06-02 17:00:00,Tower_Ibadan_01,1,1.261834058858629,0.0,85.0,494.22644142993266,32.5
2026-06-02 18:00:00,Tower_Ibadan_01,0,18.746870891318203,0.0,85.0,283.82299439269843,32.5
2026-06-02 19:00:00,Tower_Ibadan_01,0,24.633561054163977,0.0,85.0,233.36384699922485,32.5
2026-06-02 20:00:00,Tower_Ibadan_01,1,1.8039970046206428,0.0,85.0,350.46834252242945,32.5
2026-06-02 21:00:00,Tower_Ibadan_01,1,0.9220013924117192,0.0,85.0,144.2606385419537,32.5
2026-06-02 22:00:00,Tower_Ibadan_01,1,0.9007891563737422,0.0,85.0,108.48634673008405,32.5
2026-06-02 23:00:00,Tower_Ibadan_01,1,1.8839383871634867,0.0,85.0,137.2128314261616,32.5
2026-06-03 00:00:00,Tower_Ibadan_01,0,19.179957993390502,0.0,85.0,95.13454182340271,32.5
2026-06-03 01:00:00,Tower_Ibadan_01,0,12.910341060147609,0.0,85.0,80.5603407242665,32.5
2026-06-03 02:00:00,Tower_Ibadan_01,0,15.176799376426086,0.0,85.0,99.09185070442604,32.5
2026-06-03 03:00:00,Tower_Ibadan_01,0,16.8134705981,0.0,85.0,66.10184857384183,32.5
2026-06-03 04:00:00,Tower_Ibadan_01,0,12.876500049180667,0.0,85.0,52.56433431077132,32.5
2026-06-03 05:00:00,Tower_Ibadan_01,0,23.31294771912227,0.0,85.0,142.64749596726563,32.5
2026-06-03 06:00:00,Tower_Ibadan_01,1,0.12982271271686296,0.0,85.0,106.1138975592686,32.5
2026-06-03 07:00:00,Tower_Ibadan_01,0,24.913046767652723,0.0,85.0,87.4154233511703,32.5
2026-06-03 08:00:00,Tower_Ibadan_01,1,0.8460693933357399,14.961060588510865,85.0,493.20404650026563,32.5
2026-06-03 09:00:00,Tower_Ibadan_01,1,0.5884637948469149,11.44358666411452,85.0,423.4408648610952,32.5
2026-06-03 10:00:00,Tower_Ibadan_01,0,17.287067036689443,11.276178181554712,85.0,285.0230903813082,32.5
2026-06-03 11:00:00,Tower_Ibadan_01,0,21.503845628677126,12.296479377719574,85.0,416.3643097196201,32.5
2026-06-03 12:00:00,Tower_Ibadan_01,1,1.1262214060004747,8.159595331074703,85.0,304.63616706373557,32.5
2026-06-03 13:00:00,Tower_Ibadan_01,0,17.533110080835165,10.345321599740817,85.0,360.7845584259612,32.5
2026-06-03 14:00:00,Tower_Ibadan_01,0,20.348556077010006,9.048244193097343,85.0,309.31450520000845,32.5
2026-06-03 15:00:00,Tower_Ibadan_01,0,18.52712617012108,5.107647411356009,85.0,333.8112849360954,32.5
2026-06-03 16:00:00,Tower_Ibadan_01,1,0.6631399951983197,10.629587467453229,85.0,259.8631099516059,32.5
2026-06-03 17:00:00,Tower_Ibadan_01,0,13.65002497928645,0.0,85.0,493.16572410504136,32.5
2026-06-03 18:00:00,Tower_Ibadan_01,1,1.6371732290934575,0.0,85.0,269.7565287425049,32.5
2026-06-03 19:00:00,Tower_Ibadan_01,0,16.16653805958476,0.0,85.0,378.708900728991,32.5
2026-06-03 20:00:00,Tower_Ibadan_01,0,13.682056280978564,0.0,85.0,426.7220391632701,32.5
2026-06-03 21:00:00,Tower_Ibadan_01,1,0.5775790646309249,0.0,85.0,96.34905032025567,32.5
2026-06-03 22:00:00,Tower_Ibadan_01,1,0.5073529001813086,0.0,85.0,102.59597860804318,32.5
2026-06-03 23:00:00,Tower_Ibadan_01,1,0.9913178345309903,0.0,85.0,52.45075684058072,32.5
2026-06-04 00:00:00,Tower_Ibadan_01,0,13.934804017969466,0.0,85.0,144.89767145718204,32.5
2026-06-04 01:00:00,Tower_Ibadan_01,0,11.707065983315498,0.0,85.0,85.87060383449165,32.5
2026-06-04 02:00:00,Tower_Ibadan_01,1,1.8098202163479227,0.0,85.0,124.03215017374988,32.5
2026-06-04 03:00:00,Tower_Ibadan_01,0,12.273297378206248,0.0,85.0,115.79517942282055,32.5
2026-06-04 04:00:00,Tower_Ibadan_01,0,19.967268189489467,0.0,85.0,72.99939521398804,32.5
2026-06-04 05:00:00,Tower_Ibadan_01,0,21.37840844311893,0.0,85.0,58.61554931473062,32.5
2026-06-04 06:00:00,Tower_Ibadan_01,1,1.532881350597505,0.0,85.0,63.87457228594259,32.5
2026-06-04 07:00:00,Tower_Ibadan_01,0,22.202044242319992,0.0,85.0,85.58234778174747,32.5
2026-06-04 08:00:00,Tower_Ibadan_01,1,0.3450131852240361,9.615173668085744,85.0,264.6867384512222,32.5
2026-06-04 09:00:00,Tower_Ibadan_01,1,0.055875083455572794,12.167485238225911,85.0,452.32015012043996,32.5
2026-06-04 10:00:00,Tower_Ibadan_01,1,1.8159201799942304,14.44633370325277,85.0,301.0916165546794,32.5
2026-06-04 11:00:00,Tower_Ibadan_01,0,15.931558199448183,6.581045688256419,85.0,241.8821321264417,32.5
2026-06-04 12:00:00,Tower_Ibadan_01,1,0.6729039036667099,8.968204293780573,85.0,312.998820625421,32.5
2026-06-04 13:00:00,Tower_Ibadan_01,0,14.927919242738287,12.513136878177361,85.0,418.29903481378363,32.5
2026-06-04 14:00:00,Tower_Ibadan_01,0,10.19211062244785,7.549780903879208,85.0,306.59151130220255,32.5
2026-06-04 15:00:00,Tower_Ibadan_01,1,1.2985033490129456,5.502878932468166,85.0,274.8186781409082,32.5
2026-06-04 16:00:00,Tower_Ibadan_01,0,24.94061459702334,12.374046022705175,85.0,468.28873974783716,32.5
2026-06-04 17:00:00,Tower_Ibadan_01,0,19.126705564778277,0.0,85.0,291.4992102471284,32.5
2026-06-04 18:00:00,Tower_Ibadan_01,0,18.765859889996218,0.0,85.0,478.2629361729924,32.5
2026-06-04 19:00:00,Tower_Ibadan_01,1,1.7515073069513283,0.0,85.0,291.3560333568289,32.5
2026-06-04 20:00:00,Tower_Ibadan_01,0,24.868207081919365,0.0,85.0,313.3834847270272,32.5
2026-06-04 21:00:00,Tower_Ibadan_01,0,20.749592237703393,0.0,85.0,73.75602125935596,32.5
2026-06-04 22:00:00,Tower_Ibadan_01,0,10.411724971195323,0.0,85.0,128.82074765670305,32.5
2026-06-04 23:00:00,Tower_Ibadan_01,1,0.8386868208751062,0.0,85.0,115.37031238640732,32.5
2026-06-05 00:00:00,Tower_Ibadan_01,1,0.14864559658497556,0.0,85.0,52.62751294383313,32.5
2026-06-05 01:00:00,Tower_Ibadan_01,0,21.381279931114918,0.0,85.0,80.92580169513143,32.5
2026-06-05 02:00:00,Tower_Ibadan_01,1,0.92876680170324,0.0,85.0,62.576799708759424,32.5
2026-06-05 03:00:00,Tower_Ibadan_01,1,0.17655719169292072,0.0,85.0,56.6064726661284,32.5
2026-06-05 04:00:00,Tower_Ibadan_01,0,10.129025351474079,0.0,85.0,91.42592162495154,32.5
2026-06-05 05:00:00,Tower_Ibadan_01,0,10.47842227478466,0.0,85.0,73.71499596095634,32.5
2026-06-05 06:00:00,Tower_Ibadan_01,1,0.6528441690581261,0.0,85.0,73.45566768809121,32.5
2026-06-05 07:00:00,Tower_Ibadan_01,0,12.901360436769744,0.0,85.0,148.7492961318527,32.5
2026-06-05 08:00:00,Tower_Ibadan_01,0,21.682194404308902,11.479702503340167,85.0,409.83371485126315,32.5
2026-06-05 09:00:00,Tower_Ibadan_01,1,1.3758532884812487,9.945220486563723,85.0,413.92299980081384,32.5
2026-06-05 10:00:00,Tower_Ibadan_01,1,1.8044858730515245,6.59620738875235,85.0,345.4046474608465,32.5
2026-06-05 11:00:00,Tower_Ibadan_01,1,0.3677124043274915,10.100320490144995,85.0,357.5890839049787,32.5
2026-06-05 12:00:00,Tower_Ibadan_01,0,17.796705002213145,14.472746193994281,85.0,366.6463718869232,32.5
2026-06-05 13:00:00,Tower_Ibadan_01,0,22.44863044399895,8.004468790894261,85.0,434.10803528269895,32.5
2026-06-05 14:00:00,Tower_Ibadan_01,0,23.982532984372718,11.053833714727327,85.0,396.89943043922983,32.5
2026-06-05 15:00:00,Tower_Ibadan_01,0,13.585943760103861,10.998640787451114,85.0,255.57860771271467,32.5
2026-06-05 16:00:00,Tower_Ibadan_01,1,0.035084494356360185,5.445984471014933,85.0,364.81752760049903,32.5
2026-06-05 17:00:00,Tower_Ibadan_01,0,19.7289106869465,0.0,85.0,422.0894319953348,32.5
2026-06-05 18:00:00,Tower_Ibadan_01,1,1.7862134602298132,0.0,85.0,359.2460792256986,32.5
2026-06-05 19:00:00,Tower_Ibadan_01,0,15.924122872047363,0.0,85.0,214.0289356330264,32.5
2026-06-05 20:00:00,Tower_Ibadan_01,1,0.8118921933132668,0.0,85.0,279.35706392197466,32.5
2026-06-05 21:00:00,Tower_Ibadan_01,1,1.079361483041848,0.0,85.0,79.41206713971172,32.5
2026-06-05 22:00:00,Tower_Ibadan_01,0,18.04269267855043,0.0,85.0,147.80686114731782,32.5
2026-06-05 23:00:00,Tower_Ibadan_01,0,11.018466467236463,0.0,85.0,116.09580097169975,32.5
2026-06-06 00:00:00,Tower_Ibadan_01,0,14.789661500270698,0.0,85.0,128.45802240463354,32.5
2026-06-06 01:00:00,Tower_Ibadan_01,1,1.8993169083538808,0.0,85.0,85.12591789505268,32.5
2026-06-06 02:00:00,Tower_Ibadan_01,0,13.597014444410089,0.0,85.0,82.53629422870418,32.5
2026-06-06 03:00:00,Tower_Ibadan_01,0,14.044710021944105,0.0,85.0,129.02425861719843,32.5
2026-06-06 04:00:00,Tower_Ibadan_01,1,0.4159735337202115,0.0,85.0,114.66457216910783,32.5
2026-06-06 05:00:00,Tower_Ibadan_01,1,1.7621987384453879,0.0,85.0,76.40937698133838,32.5
2026-06-06 06:00:00,Tower_Ibadan_01,0,20.705760629307935,0.0,85.0,137.20898063518126,32.5
2026-06-06 07:00:00,Tower_Ibadan_01,0,15.781533860404124,0.0,85.0,72.79434754728906,32.5
2026-06-06 08:00:00,Tower_Ibadan_01,0,15.228868001438068,9.725173845345983,85.0,353.4842874905294,32.5
2026-06-06 09:00:00,Tower_Ibadan_01,0,18.089656829372124,11.646576405453843,85.0,394.4898580789394,32.5
2026-06-06 10:00:00,Tower_Ibadan_01,1,1.4288578131092111,14.350786773655136,85.0,441.65438328673645,32.5
2026-06-06 11:00:00,Tower_Ibadan_01,1,1.2633482848894189,12.984705867040308,85.0,277.12779690651877,32.5
2026-06-06 12:00:00,Tower_Ibadan_01,0,22.610848756945174,14.611288455853622,85.0,356.94203960695245,32.5
2026-06-06 13:00:00,Tower_Ibadan_01,0,13.405212394533537,10.506613879325505,85.0,265.05895510747484,32.5
2026-06-06 14:00:00,Tower_Ibadan_01,0,18.875698944769958,13.049100908475523,85.0,228.6426590412898,32.5
2026-06-06 15:00:00,Tower_Ibadan_01,1,0.4175202536512759,11.646390360414477,85.0,348.86403958325786,32.5
2026-06-06 16:00:00,Tower_Ibadan_01,1,0.3498230777102771,13.738089103688809,85.0,249.6032157380131,32.5
2026-06-06 17:00:00,Tower_Ibadan_01,1,0.37373624851369525,0.0,85.0,458.38550470036904,32.5
2026-06-06 18:00:00,Tower_Ibadan_01,0,20.853737509558457,0.0,85.0,379.1294661561162,32.5
2026-06-06 19:00:00,Tower_Ibadan_01,1,1.6505005473914522,0.0,85.0,251.00998266442872,32.5
2026-06-06 20:00:00,Tower_Ibadan_01,1,0.7662063739850986,0.0,85.0,426.99464971394195,32.5
2026-06-06 21:00:00,Tower_Ibadan_01,0,23.54282391561147,0.0,85.0,74.64958926511275,32.5
2026-06-06 22:00:00,Tower_Ibadan_01,0,13.42606301657067,0.0,85.0,57.33887442243114,32.5
2026-06-06 23:00:00,Tower_Ibadan_01,1,0.5607439125428082,0.0,85.0,103.15652928288404,32.5
2026-06-07 00:00:00,Tower_Ibadan_01,1,1.2448565041497042,0.0,85.0,104.76888648845804,32.5
2026-06-07 01:00:00,Tower_Ibadan_01,0,10.099611471190627,0.0,85.0,117.05260255133315,32.5
2026-06-07 02:00:00,Tower_Ibadan_01,1,1.9068425665805608,0.0,85.0,109.18621864249315,32.5
2026-06-07 03:00:00,Tower_Ibadan_01,0,18.427132560249326,0.0,85.0,123.60669098593407,32.5
2026-06-07 04:00:00,Tower_Ibadan_01,1,1.2485677842522802,0.0,85.0,113.26250094377912,32.5
2026-06-07 05:00:00,Tower_Ibadan_01,0,22.262978906792185,0.0,85.0,126.39889684758967,32.5
2026-06-07 06:00:00,Tower_Ibadan_01,0,11.134327630024123,0.0,85.0,130.1087986059028,32.5
2026-06-07 07:00:00,Tower_Ibadan_01,1,0.4060564277345271,0.0,85.0,127.38833692307462,32.5
2026-06-07 08:00:00,Tower_Ibadan_01,0,17.401559803213786,8.238855118044917,85.0,419.3929455016763,32.5
2026-06-07 09:00:00,Tower_Ibadan_01,1,1.1012942573067053,14.646496008585412,85.0,229.42481762950595,32.5
2026-06-07 10:00:00,Tower_Ibadan_01,0,24.637474944432654,10.648825869555186,85.0,265.21093388864614,32.5
2026-06-07 11:00:00,Tower_Ibadan_01,1,0.6002803494564766,10.382287141391927,85.0,332.94863112895536,32.5
2026-06-07 12:00:00,Tower_Ibadan_01,1,0.15595068206897644,13.839785681142295,85.0,485.36094040605053,32.5
2026-06-07 13:00:00,Tower_Ibadan_01,1,0.578450836286418,9.093439358213526,85.0,378.11992712270154,32.5
2026-06-07 14:00:00,Tower_Ibadan_01,0,13.289344279969079,5.56116546807071,85.0,369.1864430575255,32.5
2026-06-07 15:00:00,Tower_Ibadan_01,1,1.9349862986670927,13.249257859261302,85.0,249.98827538239394,32.5
2026-06-07 16:00:00,Tower_Ibadan_01,1,0.5328081699805725,8.190122234739734,85.0,299.48568501624067,32.5
2026-06-07 17:00:00,Tower_Ibadan_01,0,14.31778914687504,0.0,85.0,282.32552888368383,32.5
2026-06-07 18:00:00,Tower_Ibadan_01,1,1.450305202890324,0.0,85.0,346.011247313891,32.5
2026-06-07 19:00:00,Tower_Ibadan_01,0,11.258008336360165,0.0,85.0,400.8902976962201,32.5
2026-06-07 20:00:00,Tower_Ibadan_01,0,22.762423853536596,0.0,85.0,344.27061239502837,32.5
2026-06-07 21:00:00,Tower_Ibadan_01,1,0.24604228436486575,0.0,85.0,72.18533577179042,32.5
2026-06-07 22:00:00,Tower_Ibadan_01,1,0.62035145856292,0.0,85.0,124.42821966953518,32.5
2026-06-07 23:00:00,Tower_Ibadan_01,1,0.4564671230915678,0.0,85.0,93.62107646331823,32.5
2026-06-08 00:00:00,Tower_Ibadan_01,0,24.89063366576739,0.0,85.0,147.9715665818954,32.5
2026-06-08 01:00:00,Tower_Ibadan_01,0,18.382089927152578,0.0,85.0,89.34418437807454,32.5
2026-06-08 02:00:00,Tower_Ibadan_01,1,1.6660700526100656,0.0,85.0,77.41421372888026,32.5
2026-06-08 03:00:00,Tower_Ibadan_01,1,0.4898848034200196,0.0,85.0,108.29726263003414,32.5
2026-06-08 04:00:00,Tower_Ibadan_01,1,1.636465450594415,0.0,85.0,87.03523565713442,32.5
2026-06-08 05:00:00,Tower_Ibadan_01,0,18.823236694952634,0.0,85.0,58.643263349852894,32.5
2026-06-08 06:00:00,Tower_Ibadan_01,0,18.68328725021071,0.0,85.0,126.69825276301766,32.5
2026-06-08 07:00:00,Tower_Ibadan_01,0,22.792048326710688,0.0,85.0,129.77508556224495,32.5
2026-06-08 08:00:00,Tower_Ibadan_01,0,16.829353254740127,5.618024419288641,85.0,256.246807005371,32.5
2026-06-08 09:00:00,Tower_Ibadan_01,1,0.7193951810221044,14.435920196432237,85.0,368.6794505866643,32.5
2026-06-08 10:00:00,Tower_Ibadan_01,0,11.498840868343752,10.022781903706202,85.0,493.0675949824932,32.5
2026-06-08 11:00:00,Tower_Ibadan_01,1,0.2859613834989261,8.522371934575208,85.0,365.3462696200912,32.5
2026-06-08 12:00:00,Tower_Ibadan_01,0,24.785785083017473,6.809387360454927,85.0,370.11023883741177,32.5
2026-06-08 13:00:00,Tower_Ibadan_01,0,16.923881214755422,12.3370569703673,85.0,321.0572238261985,32.5
2026-06-08 14:00:00,Tower_Ibadan_01,0,24.111174636332898,14.733625727173777,85.0,351.7856147639676,32.5
2026-06-08 15:00:00,Tower_Ibadan_01,0,24.844876182142496,10.358019691330913,85.0,443.155541307667,32.5
2026-06-08 16:00:00,Tower_Ibadan_01,0,11.700091697690905,5.1298717199206125,85.0,474.0238232894014,32.5
2026-06-08 17:00:00,Tower_Ibadan_01,0,14.297134764756814,0.0,85.0,464.1166823281834,32.5
2026-06-08 18:00:00,Tower_Ibadan_01,1,1.8136162114845413,0.0,85.0,215.28118832254728,32.5
2026-06-08 19:00:00,Tower_Ibadan_01,1,0.42505176225087316,0.0,85.0,351.8642115380486,32.5
2026-06-08 20:00:00,Tower_Ibadan_01,1,1.6767362476457162,0.0,85.0,479.4885559097967,32.5
2026-06-08 21:00:00,Tower_Ibadan_01,0,17.770174250248406,0.0,85.0,65.08929830195672,32.5
2026-06-08 22:00:00,Tower_Ibadan_01,1,1.7053077207957437,0.0,85.0,139.22249007652812,32.5
2026-06-08 23:00:00,Tower_Ibadan_01,0,23.58296876288966,0.0,85.0,70.297487420337,32.5
2026-06-09 00:00:00,Tower_Ibadan_01,0,18.767055647453958,0.0,85.0,81.82820098913253,32.5
2026-06-09 01:00:00,Tower_Ibadan_01,0,11.114760599739519,0.0,85.0,129.13049480961547,32.5
2026-06-09 02:00:00,Tower_Ibadan_01,0,16.43936501613412,0.0,85.0,132.57909271213748,32.5
2026-06-09 03:00:00,Tower_Ibadan_01,0,21.250214233835642,0.0,85.0,110.96446684915713,32.5
2026-06-09 04:00:00,Tower_Ibadan_01,1,0.5932883542687388,0.0,85.0,65.38403524982989,32.5
2026-06-09 05:00:00,Tower_Ibadan_01,1,1.1276861302234094,0.0,85.0,79.43887229770185,32.5
2026-06-09 06:00:00,Tower_Ibadan_01,1,1.269253045244981,0.0,85.0,108.40428286932882,32.5
2026-06-09 07:00:00,Tower_Ibadan_01,1,0.20543588593597595,0.0,85.0,132.26283877209826,32.5
2026-06-09 08:00:00,Tower_Ibadan_01,0,14.84960597078908,7.33551851170346,85.0,459.8235409318954,32.5
2026-06-09 09:00:00,Tower_Ibadan_01,0,24.14843814916501,14.630488816084995,85.0,355.52698445326826,32.5
2026-06-09 10:00:00,Tower_Ibadan_01,0,16.196201914837996,13.686594719890993,85.0,473.83390531248295,32.5
2026-06-09 11:00:00,Tower_Ibadan_01,0,16.026101629907515,14.165290909745238,85.0,317.6949679999474,32.5
2026-06-09 12:00:00,Tower_Ibadan_01,1,0.4759874611750632,5.396264024020944,85.0,356.5505454710535,32.5
2026-06-09 13:00:00,Tower_Ibadan_01,1,0.9806989213610309,12.234700570752123,85.0,401.53514796566213,32.5
2026-06-09 14:00:00,Tower_Ibadan_01,1,1.3450815110357452,6.08988625119543,85.0,446.5592759118539,32.5
2026-06-09 15:00:00,Tower_Ibadan_01,1,0.05057835658700305,14.490333471925272,85.0,390.9039653776881,32.5
2026-06-09 16:00:00,Tower_Ibadan_01,1,1.649463066926169,9.760368722988503,85.0,493.9120307127461,32.5
2026-06-09 17:00:00,Tower_Ibadan_01,0,21.979603363405154,0.0,85.0,285.1251705319638,32.5
2026-06-09 18:00:00,Tower_Ibadan_01,1,0.8503625444695015,0.0,85.0,438.4831887399208,32.5
2026-06-09 19:00:00,Tower_Ibadan_01,0,15.243932324873217,0.0,85.0,275.20069943514045,32.5
2026-06-09 20:00:00,Tower_Ibadan_01,0,14.020466641460711,0.0,85.0,259.91764936010685,32.5
2026-06-09 21:00:00,Tower_Ibadan_01,0,10.77273170437078,0.0,85.0,72.44411431630526,32.5
2026-06-09 22:00:00,Tower_Ibadan_01,1,0.8739616209788406,0.0,85.0,138.6480231091268,32.5
2026-06-09 23:00:00,Tower_Ibadan_01,1,1.2449412540658853,0.0,85.0,147.80471029282643,32.5
2026-06-10 00:00:00,Tower_Ibadan_01,1,0.22651225864189373,0.0,85.0,108.59327607486229,32.5
2026-06-10 01:00:00,Tower_Ibadan_01,0,15.730599839195223,0.0,85.0,55.372527074524044,32.5
2026-06-10 02:00:00,Tower_Ibadan_01,0,22.19070606571141,0.0,85.0,64.1140141855652,32.5
2026-06-10 03:00:00,Tower_Ibadan_01,0,14.617355253885938,0.0,85.0,99.37355097800722,32.5
2026-06-10 04:00:00,Tower_Ibadan_01,0,10.125236669376523,0.0,85.0,97.04060675241239,32.5
2026-06-10 05:00:00,Tower_Ibadan_01,1,1.459743496241096,0.0,85.0,58.80196781840837,32.5
2026-06-10 06:00:00,Tower_Ibadan_01,1,0.08013244520846796,0.0,85.0,102.7653295880312,32.5
2026-06-10 07:00:00,Tower_Ibadan_01,1,0.04410462980791707,0.0,85.0,91.45497191337122,32.5
2026-06-10 08:00:00,Tower_Ibadan_01,0,14.565405446081712,8.19874532160453,85.0,201.3567879417766,32.5
2026-06-10 09:00:00,Tower_Ibadan_01,0,16.85890803803501,12.530561072736717,85.0,409.26953799903686,32.5
2026-06-10 10:00:00,Tower_Ibadan_01,0,14.073681018925782,5.8496234143292005,85.0,281.6258348166197,32.5
2026-06-10 11:00:00,Tower_Ibadan_01,1,1.9018474296213908,14.603110013633083,85.0,414.4071332372738,32.5
2026-06-10 12:00:00,Tower_Ibadan_01,1,1.7448701985118855,6.988273365315164,85.0,293.9303385636344,32.5
2026-06-10 13:00:00,Tower_Ibadan_01,1,0.3065675425331156,9.66854348333061,85.0,435.4155110432589,32.5
2026-06-10 14:00:00,Tower_Ibadan_01,1,0.07845185175236291,14.867634770144004,85.0,397.1251870240733,32.5
2026-06-10 15:00:00,Tower_Ibadan_01,0,11.448761929199723,8.321404982708952,85.0,469.7334149801571,32.5
2026-06-10 16:00:00,Tower_Ibadan_01,1,0.20441750630256417,12.444551267042517,85.0,394.8862350169686,32.5
2026-06-10 17:00:00,Tower_Ibadan_01,1,1.1164595286495314,0.0,85.0,454.882104035262,32.5
2026-06-10 18:00:00,Tower_Ibadan_01,0,19.144027012164944,0.0,85.0,366.2830688618101,32.5
2026-06-10 19:00:00,Tower_Ibadan_01,0,20.812840265065084,0.0,85.0,222.74154912231882,32.5
2026-06-10 20:00:00,Tower_Ibadan_01,0,22.740048842932858,0.0,85.0,420.40454287392924,32.5
2026-06-10 21:00:00,Tower_Ibadan_01,1,1.4412514940726042,0.0,85.0,73.29967636129857,32.5
2026-06-10 22:00:00,Tower_Ibadan_01,0,16.43263965936159,0.0,85.0,54.38891332665694,32.5
2026-06-10 23:00:00,Tower_Ibadan_01,1,0.08897455500783602,0.0,85.0,126.52127897017257,32.5
2026-06-11 00:00:00,Tower_Ibadan_01,1,1.3816703636881769,0.0,85.0,130.89306768325787,32.5
2026-06-11 01:00:00,Tower_Ibadan_01,0,12.977702781843634,0.0,85.0,141.48545055389172,32.5
2026-06-11 02:00:00,Tower_Ibadan_01,0,22.45292163153502,0.0,85.0,110.8865726660546,32.5
2026-06-11 03:00:00,Tower_Ibadan_01,0,20.706312794671117,0.0,85.0,146.5294714675864,32.5
2026-06-11 04:00:00,Tower_Ibadan_01,1,0.7988950724549329,0.0,85.0,83.32739762166511,32.5
2026-06-11 05:00:00,Tower_Ibadan_01,1,1.3125325154172502,0.0,85.0,104.34928778121575,32.5
2026-06-11 06:00:00,Tower_Ibadan_01,1,0.6168894315836753,0.0,85.0,83.93973934889789,32.5
2026-06-11 07:00:00,Tower_Ibadan_01,1,0.2900632208704985,0.0,85.0,86.648816048644,32.5
2026-06-11 08:00:00,Tower_Ibadan_01,1,0.34092024439953206,13.53502827515683,85.0,280.98281931993563,32.5
2026-06-11 09:00:00,Tower_Ibadan_01,0,24.444870152663253,6.942965132493119,85.0,258.61306881500195,32.5
2026-06-11 10:00:00,Tower_Ibadan_01,1,0.3926354855738068,8.89278250289804,85.0,278.7254962467139,32.5
2026-06-11 11:00:00,Tower_Ibadan_01,0,19.009515802254057,10.559481705221884,85.0,327.3308557750483,32.5
2026-06-11 12:00:00,Tower_Ibadan_01,0,15.949562382504382,8.547227733993825,85.0,219.97176419728072,32.5
2026-06-11 13:00:00,Tower_Ibadan_01,1,0.6848948591336241,7.939166996007501,85.0,236.03926478861516,32.5
2026-06-11 14:00:00,Tower_Ibadan_01,1,0.4680896989021952,6.149312383829278,85.0,325.95421072548885,32.5
2026-06-11 15:00:00,Tower_Ibadan_01,0,24.122121030570785,8.648381675100204,85.0,376.6618845581148,32.5
